File,Result,Months
sdb-1h-2025.xlsx,"Sheet T9, year 2025: 6 months","2025-01, 2025-02, 2025-03, 2025-04, 2025-05, 2025-06"
sdb-1h-2026.xlsx,"Sheet T9, year 2026: 6 months","2026-01, 2026-02, 2026-03, 2026-04, 2026-05, 2026-06"
sdb-2h-2025.xlsx,"Sheet T9, year 2025: 6 months","2025-07, 2025-08, 2025-09, 2025-10, 2025-11, 2025-12"
sdb-q1-jan---mar-2023.xlsx,"Sheet T11, year 2023: 3 months","2023-01, 2023-02, 2023-03"
sdb-q1-jan_mar-2024.xlsx,"Sheet T11, year 2024: 3 months","2024-01, 2024-02, 2024-03"
sdb-q2-apr_jun-2022.xlsx,"Sheet T11, year 2022: 3 months","2022-04, 2022-05, 2022-06"
sdb-q2-apr_jun-2023.xlsx,"Sheet T11, year 2023: 3 months","2023-04, 2023-05, 2023-06"
sdb-q2-apr_jun-2024.xlsx,"Sheet T11, year 2024: 3 months","2024-04, 2024-05, 2024-06"
sdb-q3-jul---sep-2024.xlsx,"Sheet T11, year 2024: 3 months","2024-07, 2024-08, 2024-09"
sdb-q3-jul_sep-2022.xlsx,"Sheet T11, year 2022: 3 months","2022-07, 2022-08, 2022-09"
sdb-q3-jul_sep-2023.xlsx,"Sheet T11, year 2023: 3 months","2023-07, 2023-08, 2023-09"
sdb-q4-oct_dec-2022.xlsx,"Sheet T11, year 2022: 3 months","2022-10, 2022-11, 2022-12"
sdb-q4-oct_dec-2023.xlsx,"Sheet T11, year 2023: 3 months","2023-10, 2023-11, 2023-12"
sdb-q4-oct_dec-2024.xlsx,"Sheet T11, year 2024: 3 months","2024-10, 2024-11, 2024-12"
stats_sdb_q1_jan_mar-2022.xlsx,"Sheet T11, year 2022: 3 months","2022-01, 2022-02, 2022-03"
stats_sdb_q3_jul_sep_2021.xlsx,"Sheet T11, year 2021: 3 months","2021-07, 2021-08, 2021-09"
stats_sdb_q4_oct_dec_2021.xlsx,"Sheet T11, year 2021: 3 months","2021-10, 2021-11, 2021-12"
