Sector,Month,Total_Admissions,Total_Live_Births
Public Sector Hospitals,2026-01-01,48348.0,1266
Private Sector Hospitals,2026-01-01,9274.0,964
Public Sector Hospitals,2026-02-01,41980.0,1196
Private Sector Hospitals,2026-02-01,7429.0,880
Public Sector Hospitals,2026-03-01,48384.0,1300
Private Sector Hospitals,2026-03-01,9104.0,1039
Public Sector Hospitals,2026-04-01,47792.0,1248
Private Sector Hospitals,2026-04-01,8655.0,979
Public Sector Hospitals,2026-05-01,48479.0,1323
Private Sector Hospitals,2026-05-01,9005.0,1024
Public Sector Hospitals,2026-06-01,47738.0,1300
Private Sector Hospitals,2026-06-01,8673.0,1062
