Month,Sector,Total_Live_Births,Source_File
2021-07,Private Sector Hospitals,1765.0,stats_sdb_q3_jul_sep_2021.xlsx
2021-07,Public Sector Hospitals,1614.0,stats_sdb_q3_jul_sep_2021.xlsx
2021-08,Private Sector Hospitals,1676.0,stats_sdb_q3_jul_sep_2021.xlsx
2021-08,Public Sector Hospitals,1641.0,stats_sdb_q3_jul_sep_2021.xlsx
2021-09,Private Sector Hospitals,1668.0,stats_sdb_q3_jul_sep_2021.xlsx
2021-09,Public Sector Hospitals,1696.0,stats_sdb_q3_jul_sep_2021.xlsx
2021-10,Private Sector Hospitals,1673.0,stats_sdb_q4_oct_dec_2021.xlsx
2021-10,Public Sector Hospitals,1675.0,stats_sdb_q4_oct_dec_2021.xlsx
2021-11,Private Sector Hospitals,1710.0,stats_sdb_q4_oct_dec_2021.xlsx
2021-11,Public Sector Hospitals,1757.0,stats_sdb_q4_oct_dec_2021.xlsx
2021-12,Private Sector Hospitals,1745.0,stats_sdb_q4_oct_dec_2021.xlsx
2021-12,Public Sector Hospitals,1642.0,stats_sdb_q4_oct_dec_2021.xlsx
2022-01,Private Sector Hospitals,1547.0,stats_sdb_q1_jan_mar-2022.xlsx
2022-01,Public Sector Hospitals,1507.0,stats_sdb_q1_jan_mar-2022.xlsx
2022-02,Private Sector Hospitals,1390.0,stats_sdb_q1_jan_mar-2022.xlsx
2022-02,Public Sector Hospitals,1394.0,stats_sdb_q1_jan_mar-2022.xlsx
2022-03,Private Sector Hospitals,1505.0,stats_sdb_q1_jan_mar-2022.xlsx
2022-03,Public Sector Hospitals,1605.0,stats_sdb_q1_jan_mar-2022.xlsx
2022-04,Private Sector Hospitals,1314.0,sdb-q2-apr_jun-2022.xlsx
2022-04,Public Sector Hospitals,1390.0,sdb-q2-apr_jun-2022.xlsx
2022-05,Private Sector Hospitals,1485.0,sdb-q2-apr_jun-2022.xlsx
2022-05,Public Sector Hospitals,1483.0,sdb-q2-apr_jun-2022.xlsx
2022-06,Private Sector Hospitals,1372.0,sdb-q2-apr_jun-2022.xlsx
2022-06,Public Sector Hospitals,1455.0,sdb-q2-apr_jun-2022.xlsx
2022-07,Private Sector Hospitals,1424.0,sdb-q3-jul_sep-2022.xlsx
2022-07,Public Sector Hospitals,1526.0,sdb-q3-jul_sep-2022.xlsx
2022-08,Private Sector Hospitals,1486.0,sdb-q3-jul_sep-2022.xlsx
2022-08,Public Sector Hospitals,1509.0,sdb-q3-jul_sep-2022.xlsx
2022-09,Private Sector Hospitals,1582.0,sdb-q3-jul_sep-2022.xlsx
2022-09,Public Sector Hospitals,1665.0,sdb-q3-jul_sep-2022.xlsx
2022-10,Private Sector Hospitals,1561.0,sdb-q4-oct_dec-2022.xlsx
2022-10,Public Sector Hospitals,1533.0,sdb-q4-oct_dec-2022.xlsx
2022-11,Private Sector Hospitals,1487.0,sdb-q4-oct_dec-2022.xlsx
2022-11,Public Sector Hospitals,1447.0,sdb-q4-oct_dec-2022.xlsx
2022-12,Private Sector Hospitals,1426.0,sdb-q4-oct_dec-2022.xlsx
2022-12,Public Sector Hospitals,1443.0,sdb-q4-oct_dec-2022.xlsx
2023-01,Private Sector Hospitals,1368.0,sdb-q1-jan---mar-2023.xlsx
2023-01,Public Sector Hospitals,1387.0,sdb-q1-jan---mar-2023.xlsx
2023-02,Private Sector Hospitals,1239.0,sdb-q1-jan---mar-2023.xlsx
2023-02,Public Sector Hospitals,1390.0,sdb-q1-jan---mar-2023.xlsx
2023-03,Private Sector Hospitals,1360.0,sdb-q1-jan---mar-2023.xlsx
2023-03,Public Sector Hospitals,1485.0,sdb-q1-jan---mar-2023.xlsx
2023-04,Private Sector Hospitals,1209.0,sdb-q2-apr_jun-2023.xlsx
2023-04,Public Sector Hospitals,1342.0,sdb-q2-apr_jun-2023.xlsx
2023-05,Private Sector Hospitals,1308.0,sdb-q2-apr_jun-2023.xlsx
2023-05,Public Sector Hospitals,1430.0,sdb-q2-apr_jun-2023.xlsx
2023-06,Private Sector Hospitals,1313.0,sdb-q2-apr_jun-2023.xlsx
2023-06,Public Sector Hospitals,1390.0,sdb-q2-apr_jun-2023.xlsx
2023-07,Private Sector Hospitals,1331.0,sdb-q3-jul_sep-2023.xlsx
2023-07,Public Sector Hospitals,1468.0,sdb-q3-jul_sep-2023.xlsx
2023-08,Private Sector Hospitals,1333.0,sdb-q3-jul_sep-2023.xlsx
2023-08,Public Sector Hospitals,1423.0,sdb-q3-jul_sep-2023.xlsx
2023-09,Private Sector Hospitals,1372.0,sdb-q3-jul_sep-2023.xlsx
2023-09,Public Sector Hospitals,1548.0,sdb-q3-jul_sep-2023.xlsx
2023-10,Private Sector Hospitals,1521.0,sdb-q4-oct_dec-2023.xlsx
2023-10,Public Sector Hospitals,1630.0,sdb-q4-oct_dec-2023.xlsx
2023-11,Private Sector Hospitals,1349.0,sdb-q4-oct_dec-2023.xlsx
2023-11,Public Sector Hospitals,1503.0,sdb-q4-oct_dec-2023.xlsx
2023-12,Private Sector Hospitals,1227.0,sdb-q4-oct_dec-2023.xlsx
2023-12,Public Sector Hospitals,1466.0,sdb-q4-oct_dec-2023.xlsx
2024-01,Private Sector Hospitals,1261.0,sdb-q1-jan_mar-2024.xlsx
2024-01,Public Sector Hospitals,1515.0,sdb-q1-jan_mar-2024.xlsx
2024-02,Private Sector Hospitals,1193.0,sdb-q1-jan_mar-2024.xlsx
2024-02,Public Sector Hospitals,1355.0,sdb-q1-jan_mar-2024.xlsx
2024-03,Private Sector Hospitals,1329.0,sdb-q1-jan_mar-2024.xlsx
2024-03,Public Sector Hospitals,1438.0,sdb-q1-jan_mar-2024.xlsx
2024-04,Private Sector Hospitals,1240.0,sdb-q2-apr_jun-2024.xlsx
2024-04,Public Sector Hospitals,1432.0,sdb-q2-apr_jun-2024.xlsx
2024-05,Private Sector Hospitals,1322.0,sdb-q2-apr_jun-2024.xlsx
2024-05,Public Sector Hospitals,1487.0,sdb-q2-apr_jun-2024.xlsx
2024-06,Private Sector Hospitals,1118.0,sdb-q2-apr_jun-2024.xlsx
2024-06,Public Sector Hospitals,1280.0,sdb-q2-apr_jun-2024.xlsx
2024-07,Private Sector Hospitals,1411.0,sdb-q3-jul---sep-2024.xlsx
2024-07,Public Sector Hospitals,1660.0,sdb-q3-jul---sep-2024.xlsx
2024-08,Private Sector Hospitals,1272.0,sdb-q3-jul---sep-2024.xlsx
2024-08,Public Sector Hospitals,1494.0,sdb-q3-jul---sep-2024.xlsx
2024-09,Private Sector Hospitals,1351.0,sdb-q3-jul---sep-2024.xlsx
2024-09,Public Sector Hospitals,1551.0,sdb-q3-jul---sep-2024.xlsx
2024-10,Private Sector Hospitals,1473.0,sdb-q4-oct_dec-2024.xlsx
2024-10,Public Sector Hospitals,1516.0,sdb-q4-oct_dec-2024.xlsx
2024-11,Private Sector Hospitals,1375.0,sdb-q4-oct_dec-2024.xlsx
2024-11,Public Sector Hospitals,1620.0,sdb-q4-oct_dec-2024.xlsx
2024-12,Private Sector Hospitals,1411.0,sdb-q4-oct_dec-2024.xlsx
2024-12,Public Sector Hospitals,1454.0,sdb-q4-oct_dec-2024.xlsx
2025-01,Private Sector Hospitals,1318.0,sdb-1h-2025.xlsx
2025-01,Public Sector Hospitals,1428.0,sdb-1h-2025.xlsx
2025-02,Private Sector Hospitals,1067.0,sdb-1h-2025.xlsx
2025-02,Public Sector Hospitals,1356.0,sdb-1h-2025.xlsx
2025-03,Private Sector Hospitals,1189.0,sdb-1h-2025.xlsx
2025-03,Public Sector Hospitals,1300.0,sdb-1h-2025.xlsx
2025-04,Private Sector Hospitals,1079.0,sdb-1h-2025.xlsx
2025-04,Public Sector Hospitals,1363.0,sdb-1h-2025.xlsx
2025-05,Private Sector Hospitals,1083.0,sdb-1h-2025.xlsx
2025-05,Public Sector Hospitals,1427.0,sdb-1h-2025.xlsx
2025-06,Private Sector Hospitals,1010.0,sdb-1h-2025.xlsx
2025-06,Public Sector Hospitals,1290.0,sdb-1h-2025.xlsx
2025-07,Private Sector Hospitals,1074.0,sdb-2h-2025.xlsx
2025-07,Public Sector Hospitals,1412.0,sdb-2h-2025.xlsx
2025-08,Private Sector Hospitals,1059.0,sdb-2h-2025.xlsx
2025-08,Public Sector Hospitals,1382.0,sdb-2h-2025.xlsx
2025-09,Private Sector Hospitals,1081.0,sdb-2h-2025.xlsx
2025-09,Public Sector Hospitals,1460.0,sdb-2h-2025.xlsx
2025-10,Private Sector Hospitals,1098.0,sdb-2h-2025.xlsx
2025-10,Public Sector Hospitals,1420.0,sdb-2h-2025.xlsx
2025-11,Private Sector Hospitals,1067.0,sdb-2h-2025.xlsx
2025-11,Public Sector Hospitals,1422.0,sdb-2h-2025.xlsx
2025-12,Private Sector Hospitals,1059.0,sdb-2h-2025.xlsx
2025-12,Public Sector Hospitals,1408.0,sdb-2h-2025.xlsx
2026-01,Private Sector Hospitals,964.0,sdb-1h-2026.xlsx
2026-01,Public Sector Hospitals,1266.0,sdb-1h-2026.xlsx
2026-02,Private Sector Hospitals,880.0,sdb-1h-2026.xlsx
2026-02,Public Sector Hospitals,1196.0,sdb-1h-2026.xlsx
2026-03,Private Sector Hospitals,1039.0,sdb-1h-2026.xlsx
2026-03,Public Sector Hospitals,1300.0,sdb-1h-2026.xlsx
2026-04,Private Sector Hospitals,979.0,sdb-1h-2026.xlsx
2026-04,Public Sector Hospitals,1248.0,sdb-1h-2026.xlsx
2026-05,Private Sector Hospitals,1024.0,sdb-1h-2026.xlsx
2026-05,Public Sector Hospitals,1323.0,sdb-1h-2026.xlsx
2026-06,Private Sector Hospitals,1062.0,sdb-1h-2026.xlsx
2026-06,Public Sector Hospitals,1300.0,sdb-1h-2026.xlsx
