,,,,,,,,,,,,,,,,,,,,,,,,,,,,,,,,,,,,,,,,,,,,,,,,,,,,,,,,,,,,,,,,,,,,,,,,,,,,,,,,,,,,,,,,,,,,,,,,,,,,,,,,,,,,,,,,,,,,,,,,,,,,,,,,,,,,,,,,,,,,,,,,,,,,,,,,,,,,,,,,,,,,,,,,,,,,,,,,,,,,,,,,,,,,,,,,,,,,,,,,,,,,,,,,,,,,,,,,,,,,,,,,,,,,,,,,,,,,,,,,,,,,,,,,,,,,,,,,,,,,,,,,,,,,,,,,,,,,,,,,,,,,,,,,,,,,,,,,,,,,,,,,,,,,,,,,,,,,,,,,,,,,,,,,,,,,,,,,,,,,,,,,,,,,,,,,,,,,,,,,,,,,,,,,,,,,,,,,,,,,,,,,,,,,,,,,,,,,,,,,,,,,,,,,,,,,,,,,,,,,,,,,,,,,,,,,,,,,,,,,,,,,,,,,,,,,,,,,,,,,,,,,,,,,,,,,,,,
Theme: Society,,,,,,,,,,,,,,,,,,,,,,,,,,,,,,,,,,,,,,,,,,,,,,,,,,,,,,,,,,,,,,,,,,,,,,,,,,,,,,,,,,,,,,,,,,,,,,,,,,,,,,,,,,,,,,,,,,,,,,,,,,,,,,,,,,,,,,,,,,,,,,,,,,,,,,,,,,,,,,,,,,,,,,,,,,,,,,,,,,,,,,,,,,,,,,,,,,,,,,,,,,,,,,,,,,,,,,,,,,,,,,,,,,,,,,,,,,,,,,,,,,,,,,,,,,,,,,,,,,,,,,,,,,,,,,,,,,,,,,,,,,,,,,,,,,,,,,,,,,,,,,,,,,,,,,,,,,,,,,,,,,,,,,,,,,,,,,,,,,,,,,,,,,,,,,,,,,,,,,,,,,,,,,,,,,,,,,,,,,,,,,,,,,,,,,,,,,,,,,,,,,,,,,,,,,,,,,,,,,,,,,,,,,,,,,,,,,,,,,,,,,,,,,,,,,,,,,,,,,,,,,,,,,,,,,,,,,,
Subject: Health,,,,,,,,,,,,,,,,,,,,,,,,,,,,,,,,,,,,,,,,,,,,,,,,,,,,,,,,,,,,,,,,,,,,,,,,,,,,,,,,,,,,,,,,,,,,,,,,,,,,,,,,,,,,,,,,,,,,,,,,,,,,,,,,,,,,,,,,,,,,,,,,,,,,,,,,,,,,,,,,,,,,,,,,,,,,,,,,,,,,,,,,,,,,,,,,,,,,,,,,,,,,,,,,,,,,,,,,,,,,,,,,,,,,,,,,,,,,,,,,,,,,,,,,,,,,,,,,,,,,,,,,,,,,,,,,,,,,,,,,,,,,,,,,,,,,,,,,,,,,,,,,,,,,,,,,,,,,,,,,,,,,,,,,,,,,,,,,,,,,,,,,,,,,,,,,,,,,,,,,,,,,,,,,,,,,,,,,,,,,,,,,,,,,,,,,,,,,,,,,,,,,,,,,,,,,,,,,,,,,,,,,,,,,,,,,,,,,,,,,,,,,,,,,,,,,,,,,,,,,,,,,,,,,,,,,,,,
Topic: Admissions and Outpatient Attendances,,,,,,,,,,,,,,,,,,,,,,,,,,,,,,,,,,,,,,,,,,,,,,,,,,,,,,,,,,,,,,,,,,,,,,,,,,,,,,,,,,,,,,,,,,,,,,,,,,,,,,,,,,,,,,,,,,,,,,,,,,,,,,,,,,,,,,,,,,,,,,,,,,,,,,,,,,,,,,,,,,,,,,,,,,,,,,,,,,,,,,,,,,,,,,,,,,,,,,,,,,,,,,,,,,,,,,,,,,,,,,,,,,,,,,,,,,,,,,,,,,,,,,,,,,,,,,,,,,,,,,,,,,,,,,,,,,,,,,,,,,,,,,,,,,,,,,,,,,,,,,,,,,,,,,,,,,,,,,,,,,,,,,,,,,,,,,,,,,,,,,,,,,,,,,,,,,,,,,,,,,,,,,,,,,,,,,,,,,,,,,,,,,,,,,,,,,,,,,,,,,,,,,,,,,,,,,,,,,,,,,,,,,,,,,,,,,,,,,,,,,,,,,,,,,,,,,,,,,,,,,,,,,,,,,,,,,,
"Table Title: Hospital Admissions, Public Sector Outpatient Attendances And Day Surgeries, Monthly",,,,,,,,,,,,,,,,,,,,,,,,,,,,,,,,,,,,,,,,,,,,,,,,,,,,,,,,,,,,,,,,,,,,,,,,,,,,,,,,,,,,,,,,,,,,,,,,,,,,,,,,,,,,,,,,,,,,,,,,,,,,,,,,,,,,,,,,,,,,,,,,,,,,,,,,,,,,,,,,,,,,,,,,,,,,,,,,,,,,,,,,,,,,,,,,,,,,,,,,,,,,,,,,,,,,,,,,,,,,,,,,,,,,,,,,,,,,,,,,,,,,,,,,,,,,,,,,,,,,,,,,,,,,,,,,,,,,,,,,,,,,,,,,,,,,,,,,,,,,,,,,,,,,,,,,,,,,,,,,,,,,,,,,,,,,,,,,,,,,,,,,,,,,,,,,,,,,,,,,,,,,,,,,,,,,,,,,,,,,,,,,,,,,,,,,,,,,,,,,,,,,,,,,,,,,,,,,,,,,,,,,,,,,,,,,,,,,,,,,,,,,,,,,,,,,,,,,,,,,,,,,,,,,,,,,,,,
,,,,,,,,,,,,,,,,,,,,,,,,,,,,,,,,,,,,,,,,,,,,,,,,,,,,,,,,,,,,,,,,,,,,,,,,,,,,,,,,,,,,,,,,,,,,,,,,,,,,,,,,,,,,,,,,,,,,,,,,,,,,,,,,,,,,,,,,,,,,,,,,,,,,,,,,,,,,,,,,,,,,,,,,,,,,,,,,,,,,,,,,,,,,,,,,,,,,,,,,,,,,,,,,,,,,,,,,,,,,,,,,,,,,,,,,,,,,,,,,,,,,,,,,,,,,,,,,,,,,,,,,,,,,,,,,,,,,,,,,,,,,,,,,,,,,,,,,,,,,,,,,,,,,,,,,,,,,,,,,,,,,,,,,,,,,,,,,,,,,,,,,,,,,,,,,,,,,,,,,,,,,,,,,,,,,,,,,,,,,,,,,,,,,,,,,,,,,,,,,,,,,,,,,,,,,,,,,,,,,,,,,,,,,,,,,,,,,,,,,,,,,,,,,,,,,,,,,,,,,,,,,,,,,,,,,,,,
Data last updated: 26/08/2026,,,,,,,,,,,,,,,,,,,,,,,,,,,,,,,,,,,,,,,,,,,,,,,,,,,,,,,,,,,,,,,,,,,,,,,,,,,,,,,,,,,,,,,,,,,,,,,,,,,,,,,,,,,,,,,,,,,,,,,,,,,,,,,,,,,,,,,,,,,,,,,,,,,,,,,,,,,,,,,,,,,,,,,,,,,,,,,,,,,,,,,,,,,,,,,,,,,,,,,,,,,,,,,,,,,,,,,,,,,,,,,,,,,,,,,,,,,,,,,,,,,,,,,,,,,,,,,,,,,,,,,,,,,,,,,,,,,,,,,,,,,,,,,,,,,,,,,,,,,,,,,,,,,,,,,,,,,,,,,,,,,,,,,,,,,,,,,,,,,,,,,,,,,,,,,,,,,,,,,,,,,,,,,,,,,,,,,,,,,,,,,,,,,,,,,,,,,,,,,,,,,,,,,,,,,,,,,,,,,,,,,,,,,,,,,,,,,,,,,,,,,,,,,,,,,,,,,,,,,,,,,,,,,,,,,,,,,
Source: MINISTRY OF HEALTH,,,,,,,,,,,,,,,,,,,,,,,,,,,,,,,,,,,,,,,,,,,,,,,,,,,,,,,,,,,,,,,,,,,,,,,,,,,,,,,,,,,,,,,,,,,,,,,,,,,,,,,,,,,,,,,,,,,,,,,,,,,,,,,,,,,,,,,,,,,,,,,,,,,,,,,,,,,,,,,,,,,,,,,,,,,,,,,,,,,,,,,,,,,,,,,,,,,,,,,,,,,,,,,,,,,,,,,,,,,,,,,,,,,,,,,,,,,,,,,,,,,,,,,,,,,,,,,,,,,,,,,,,,,,,,,,,,,,,,,,,,,,,,,,,,,,,,,,,,,,,,,,,,,,,,,,,,,,,,,,,,,,,,,,,,,,,,,,,,,,,,,,,,,,,,,,,,,,,,,,,,,,,,,,,,,,,,,,,,,,,,,,,,,,,,,,,,,,,,,,,,,,,,,,,,,,,,,,,,,,,,,,,,,,,,,,,,,,,,,,,,,,,,,,,,,,,,,,,,,,,,,,,,,,,,,,,,,
,,,,,,,,,,,,,,,,,,,,,,,,,,,,,,,,,,,,,,,,,,,,,,,,,,,,,,,,,,,,,,,,,,,,,,,,,,,,,,,,,,,,,,,,,,,,,,,,,,,,,,,,,,,,,,,,,,,,,,,,,,,,,,,,,,,,,,,,,,,,,,,,,,,,,,,,,,,,,,,,,,,,,,,,,,,,,,,,,,,,,,,,,,,,,,,,,,,,,,,,,,,,,,,,,,,,,,,,,,,,,,,,,,,,,,,,,,,,,,,,,,,,,,,,,,,,,,,,,,,,,,,,,,,,,,,,,,,,,,,,,,,,,,,,,,,,,,,,,,,,,,,,,,,,,,,,,,,,,,,,,,,,,,,,,,,,,,,,,,,,,,,,,,,,,,,,,,,,,,,,,,,,,,,,,,,,,,,,,,,,,,,,,,,,,,,,,,,,,,,,,,,,,,,,,,,,,,,,,,,,,,,,,,,,,,,,,,,,,,,,,,,,,,,,,,,,,,,,,,,,,,,,,,,,,,,,,,,
,,,,,,,,,,,,,,,,,,,,,,,,,,,,,,,,,,,,,,,,,,,,,,,,,,,,,,,,,,,,,,,,,,,,,,,,,,,,,,,,,,,,,,,,,,,,,,,,,,,,,,,,,,,,,,,,,,,,,,,,,,,,,,,,,,,,,,,,,,,,,,,,,,,,,,,,,,,,,,,,,,,,,,,,,,,,,,,,,,,,,,,,,,,,,,,,,,,,,,,,,,,,,,,,,,,,,,,,,,,,,,,,,,,,,,,,,,,,,,,,,,,,,,,,,,,,,,,,,,,,,,,,,,,,,,,,,,,,,,,,,,,,,,,,,,,,,,,,,,,,,,,,,,,,,,,,,,,,,,,,,,,,,,,,,,,,,,,,,,,,,,,,,,,,,,,,,,,,,,,,,,,,,,,,,,,,,,,,,,,,,,,,,,,,,,,,,,,,,,,,,,,,,,,,,,,,,,,,,,,,,,,,,,,,,,,,,,,,,,,,,,,,,,,,,,,,,,,,,,,,,,,,,,,,,,,,,,,Number
Data Series,2026 Jul ,2026 Jun ,2026 May ,2026 Apr ,2026 Mar ,2026 Feb ,2026 Jan ,2025 Dec ,2025 Nov ,2025 Oct ,2025 Sep ,2025 Aug ,2025 Jul ,2025 Jun ,2025 May ,2025 Apr ,2025 Mar ,2025 Feb ,2025 Jan ,2024 Dec ,2024 Nov ,2024 Oct ,2024 Sep ,2024 Aug ,2024 Jul ,2024 Jun ,2024 May ,2024 Apr ,2024 Mar ,2024 Feb ,2024 Jan ,2023 Dec ,2023 Nov ,2023 Oct ,2023 Sep ,2023 Aug ,2023 Jul ,2023 Jun ,2023 May ,2023 Apr ,2023 Mar ,2023 Feb ,2023 Jan ,2022 Dec ,2022 Nov ,2022 Oct ,2022 Sep ,2022 Aug ,2022 Jul ,2022 Jun ,2022 May ,2022 Apr ,2022 Mar ,2022 Feb ,2022 Jan ,2021 Dec ,2021 Nov ,2021 Oct ,2021 Sep ,2021 Aug ,2021 Jul ,2021 Jun ,2021 May ,2021 Apr ,2021 Mar ,2021 Feb ,2021 Jan ,2020 Dec ,2020 Nov ,2020 Oct ,2020 Sep ,2020 Aug ,2020 Jul ,2020 Jun ,2020 May ,2020 Apr ,2020 Mar ,2020 Feb ,2020 Jan ,2019 Dec ,2019 Nov ,2019 Oct ,2019 Sep ,2019 Aug ,2019 Jul ,2019 Jun ,2019 May ,2019 Apr ,2019 Mar ,2019 Feb ,2019 Jan ,2018 Dec ,2018 Nov ,2018 Oct ,2018 Sep ,2018 Aug ,2018 Jul ,2018 Jun ,2018 May ,2018 Apr ,2018 Mar ,2018 Feb ,2018 Jan ,2017 Dec ,2017 Nov ,2017 Oct ,2017 Sep ,2017 Aug ,2017 Jul ,2017 Jun ,2017 May ,2017 Apr ,2017 Mar ,2017 Feb ,2017 Jan ,2016 Dec ,2016 Nov ,2016 Oct ,2016 Sep ,2016 Aug ,2016 Jul ,2016 Jun ,2016 May ,2016 Apr ,2016 Mar ,2016 Feb ,2016 Jan ,2015 Dec ,2015 Nov ,2015 Oct ,2015 Sep ,2015 Aug ,2015 Jul ,2015 Jun ,2015 May ,2015 Apr ,2015 Mar ,2015 Feb ,2015 Jan ,2014 Dec ,2014 Nov ,2014 Oct ,2014 Sep ,2014 Aug ,2014 Jul ,2014 Jun ,2014 May ,2014 Apr ,2014 Mar ,2014 Feb ,2014 Jan ,2013 Dec ,2013 Nov ,2013 Oct ,2013 Sep ,2013 Aug ,2013 Jul ,2013 Jun ,2013 May ,2013 Apr ,2013 Mar ,2013 Feb ,2013 Jan ,2012 Dec ,2012 Nov ,2012 Oct ,2012 Sep ,2012 Aug ,2012 Jul ,2012 Jun ,2012 May ,2012 Apr ,2012 Mar ,2012 Feb ,2012 Jan ,2011 Dec ,2011 Nov ,2011 Oct ,2011 Sep ,2011 Aug ,2011 Jul ,2011 Jun ,2011 May ,2011 Apr ,2011 Mar ,2011 Feb ,2011 Jan ,2010 Dec ,2010 Nov ,2010 Oct ,2010 Sep ,2010 Aug ,2010 Jul ,2010 Jun ,2010 May ,2010 Apr ,2010 Mar ,2010 Feb ,2010 Jan ,2009 Dec ,2009 Nov ,2009 Oct ,2009 Sep ,2009 Aug ,2009 Jul ,2009 Jun ,2009 May ,2009 Apr ,2009 Mar ,2009 Feb ,2009 Jan ,2008 Dec ,2008 Nov ,2008 Oct ,2008 Sep ,2008 Aug ,2008 Jul ,2008 Jun ,2008 May ,2008 Apr ,2008 Mar ,2008 Feb ,2008 Jan ,2007 Dec ,2007 Nov ,2007 Oct ,2007 Sep ,2007 Aug ,2007 Jul ,2007 Jun ,2007 May ,2007 Apr ,2007 Mar ,2007 Feb ,2007 Jan ,2006 Dec ,2006 Nov ,2006 Oct ,2006 Sep ,2006 Aug ,2006 Jul ,2006 Jun ,2006 May ,2006 Apr ,2006 Mar ,2006 Feb ,2006 Jan ,2005 Dec ,2005 Nov ,2005 Oct ,2005 Sep ,2005 Aug ,2005 Jul ,2005 Jun ,2005 May ,2005 Apr ,2005 Mar ,2005 Feb ,2005 Jan ,2004 Dec ,2004 Nov ,2004 Oct ,2004 Sep ,2004 Aug ,2004 Jul ,2004 Jun ,2004 May ,2004 Apr ,2004 Mar ,2004 Feb ,2004 Jan ,2003 Dec ,2003 Nov ,2003 Oct ,2003 Sep ,2003 Aug ,2003 Jul ,2003 Jun ,2003 May ,2003 Apr ,2003 Mar ,2003 Feb ,2003 Jan ,2002 Dec ,2002 Nov ,2002 Oct ,2002 Sep ,2002 Aug ,2002 Jul ,2002 Jun ,2002 May ,2002 Apr ,2002 Mar ,2002 Feb ,2002 Jan ,2001 Dec ,2001 Nov ,2001 Oct ,2001 Sep ,2001 Aug ,2001 Jul ,2001 Jun ,2001 May ,2001 Apr ,2001 Mar ,2001 Feb ,2001 Jan ,2000 Dec ,2000 Nov ,2000 Oct ,2000 Sep ,2000 Aug ,2000 Jul ,2000 Jun ,2000 May ,2000 Apr ,2000 Mar ,2000 Feb ,2000 Jan ,1999 Dec ,1999 Nov ,1999 Oct ,1999 Sep ,1999 Aug ,1999 Jul ,1999 Jun ,1999 May ,1999 Apr ,1999 Mar ,1999 Feb ,1999 Jan ,1998 Dec ,1998 Nov ,1998 Oct ,1998 Sep ,1998 Aug ,1998 Jul ,1998 Jun ,1998 May ,1998 Apr ,1998 Mar ,1998 Feb ,1998 Jan ,1997 Dec ,1997 Nov ,1997 Oct ,1997 Sep ,1997 Aug ,1997 Jul ,1997 Jun ,1997 May ,1997 Apr ,1997 Mar ,1997 Feb ,1997 Jan ,1996 Dec ,1996 Nov ,1996 Oct ,1996 Sep ,1996 Aug ,1996 Jul ,1996 Jun ,1996 May ,1996 Apr ,1996 Mar ,1996 Feb ,1996 Jan ,1995 Dec ,1995 Nov ,1995 Oct ,1995 Sep ,1995 Aug ,1995 Jul ,1995 Jun ,1995 May ,1995 Apr ,1995 Mar ,1995 Feb ,1995 Jan ,1994 Dec ,1994 Nov ,1994 Oct ,1994 Sep ,1994 Aug ,1994 Jul ,1994 Jun ,1994 May ,1994 Apr ,1994 Mar ,1994 Feb ,1994 Jan ,1993 Dec ,1993 Nov ,1993 Oct ,1993 Sep ,1993 Aug ,1993 Jul ,1993 Jun ,1993 May ,1993 Apr ,1993 Mar ,1993 Feb ,1993 Jan ,1992 Dec ,1992 Nov ,1992 Oct ,1992 Sep ,1992 Aug ,1992 Jul ,1992 Jun ,1992 May ,1992 Apr ,1992 Mar ,1992 Feb ,1992 Jan ,1991 Dec ,1991 Nov ,1991 Oct ,1991 Sep ,1991 Aug ,1991 Jul ,1991 Jun ,1991 May ,1991 Apr ,1991 Mar ,1991 Feb ,1991 Jan ,1990 Dec ,1990 Nov ,1990 Oct ,1990 Sep ,1990 Aug ,1990 Jul ,1990 Jun ,1990 May ,1990 Apr ,1990 Mar ,1990 Feb ,1990 Jan ,1989 Dec ,1989 Nov ,1989 Oct ,1989 Sep ,1989 Aug ,1989 Jul ,1989 Jun ,1989 May ,1989 Apr ,1989 Mar ,1989 Feb ,1989 Jan ,1988 Dec ,1988 Nov ,1988 Oct ,1988 Sep ,1988 Aug ,1988 Jul ,1988 Jun ,1988 May ,1988 Apr ,1988 Mar ,1988 Feb ,1988 Jan ,1987 Dec ,1987 Nov ,1987 Oct ,1987 Sep ,1987 Aug ,1987 Jul ,1987 Jun ,1987 May ,1987 Apr ,1987 Mar ,1987 Feb ,1987 Jan 
Acute Hospitals Admissions,57189,56411,57484,56447,57488,49409,57622,55539,54516,58284,55042,55440,56572,52309,56154,53922,54038,51811,54594,54426,53665,55874,52470,54935,57150,52234,55594,52271,53261,49257,53808,52665,51529,53673,51361,54196,52120,49475,53032,50968,54567,48598,47985,50291,50056,51422,51282,51514,52635,51174,49357,48020,51540,43592,48013,47296,46991,47280,49296,47057,49684,44521,43564,49411,51463,43339,46888,50077,46303,49772,46670,46798,48292,43796,43315,41587,44381,43059,52461,53172,52809,52660,50206,52109,54993,50277,52784,50579,52662,44482,51403,50448,50312,50740,47676,49048,49617,46990,49208,47381,50497,43186,49716,48083,48226,48534,46132,48684,48738,47316,48488,46610,49254,43435,44617,46100,45559,45908,45382,46901,47158,45843,45339,45683,46629,41212,44542,44353,41813,44327,41218,40838,42283,41026,42449,41710,42148,35602,42122,40392,40516,42469,41106,41857,42576,40981,41823,40563,40692,36123,40476,39502,40256,41143,39162,39278,39986,39523,40141,39427,40534,34921,40320,38581,39014,39926,37533,38503,39418,37895,39318,37451,39576,37005,35682,37641,37663,37808,37609,36210,38423,37926,36984,37342,38802,32333,37643,36378,34918,37287,36157,36335,37584,35649,36264,35328,36248,30322,34835,34779,33869,36270,34056,35189,35752,34562,33655,35370,35566,32103,32421,34201,34418,34986,34324,33929,35414,33018,34987,35382,34939,31515,35087,33683,34896,35181,34335,35593,35410,34484,36261,33891,36062,29498,33911,33747,33221,33316,33593,34392,35091,34129,33524,32435,35127,30352,31709,na,na,na,na,na,na,na,na,na,na,na,na,na,na,na,na,na,na,na,na,na,na,na,na,na,na,na,na,na,na,na,na,na,na,na,na,na,na,na,na,na,na,na,na,na,na,na,na,na,na,na,na,na,na,na,na,na,na,na,na,na,na,na,na,na,na,na,na,na,na,na,na,na,na,na,na,na,na,na,na,na,na,na,na,na,na,na,na,na,na,na,na,na,na,na,na,na,na,na,na,na,na,na,na,na,na,na,na,na,na,na,na,na,na,na,na,na,na,na,na,na,na,na,na,na,na,na,na,na,na,na,na,na,na,na,na,na,na,na,na,na,na,na,na,na,na,na,na,na,na,na,na,na,na,na,na,na,na,na,na,na,na,na,na,na,na,na,na,na,na,na,na,na,na,na,na,na,na,na,na,na,na,na,na,na,na,na,na,na,na,na,na,na,na,na,na,na,na,na,na,na,na,na,na,na,na,na,na,na,na,na,na,na,na,na,na,na,na,na,na,na,na,na,na,na,na,na,na
  Public,48479,47738,48479,47792,48384,41980,48348,47368,45579,48945,46008,45983,46995,43442,46463,45053,44479,43032,45170,45256,44144,45713,42757,45060,46791,42577,45193,42473,42887,40303,43435,43130,41654,43600,41784,44184,42243,40162,43322,41669,44504,39503,39035,40993,40632,41826,41449,41922,42808,41574,39817,38853,41532,35360,38957,38111,37787,37675,39735,38034,40081,35829,34090,39387,40623,34146,37429,39161,36696,39528,37262,37528,38614,34955,35542,34439,35531,33880,41727,41909,41316,41375,38986,40814,43025,39314,41298,39765,40859,35050,40228,39704,39293,39692,37035,38425,38506,36576,38105,37007,38890,33739,38300,37137,37220,37066,35381,37525,37335,36680,37535,35638,37691,33373,34301,35519,35081,34886,34354,36033,35628,35036,34673,34621,35405,31652,33775,33980,31479,33746,31371,30861,32138,31014,32325,31722,31974,27416,31947,30933,30587,31570,31229,31795,32318,31198,31777,31076,31073,27752,31353,30370,30790,31537,30047,30185,31102,30437,30982,30506,30895,27015,31045,29522,29583,30455,28580,29667,30468,29459,30222,29031,30605,28630,27854,29381,29294,29059,29163,28287,29883,29638,28878,29126,30274,25340,29075,28556,27125,29252,28241,28452,29442,27798,28019,27388,28330,23777,27193,27331,26235,28224,26480,27425,28251,27432,25983,27755,27712,25160,25547,26878,26507,27160,26683,26446,27704,25716,27142,27734,27132,24851,27234,25672,26351,26977,26013,27392,27265,26713,27843,26152,27815,23028,26134,26062,25604,25402,26028,26762,26662,26407,25643,24747,27031,23248,24420,na,na,na,na,na,na,na,na,na,na,na,na,na,na,na,na,na,na,na,na,na,na,na,na,na,na,na,na,na,na,na,na,na,na,na,na,na,na,na,na,na,na,na,na,na,na,na,na,na,na,na,na,na,na,na,na,na,na,na,na,na,na,na,na,na,na,na,na,na,na,na,na,na,na,na,na,na,na,na,na,na,na,na,na,na,na,na,na,na,na,na,na,na,na,na,na,na,na,na,na,na,na,na,na,na,na,na,na,na,na,na,na,na,na,na,na,na,na,na,na,na,na,na,na,na,na,na,na,na,na,na,na,na,na,na,na,na,na,na,na,na,na,na,na,na,na,na,na,na,na,na,na,na,na,na,na,na,na,na,na,na,na,na,na,na,na,na,na,na,na,na,na,na,na,na,na,na,na,na,na,na,na,na,na,na,na,na,na,na,na,na,na,na,na,na,na,na,na,na,na,na,na,na,na,na,na,na,na,na,na,na,na,na,na,na,na,na,na,na,na,na,na,na,na,na,na,na,na
  Non-Public,8710,8673,9005,8655,9104,7429,9274,8171,8937,9339,9034,9457,9577,8867,9691,8869,9559,8779,9424,9170,9521,10161,9713,9875,10359,9657,10401,9798,10374,8954,10373,9535,9875,10073,9577,10012,9877,9313,9710,9299,10063,9095,8950,9298,9424,9596,9833,9592,9827,9600,9540,9167,10008,8232,9056,9185,9204,9605,9561,9023,9603,8692,9474,10024,10840,9193,9459,10916,9607,10244,9408,9270,9678,8841,7773,7148,8850,9179,10734,11263,11493,11285,11220,11295,11968,10963,11486,10814,11803,9432,11175,10744,11019,11048,10641,10623,11111,10414,11103,10374,11607,9447,11416,10946,11006,11468,10751,11159,11403,10636,10953,10972,11563,10062,10316,10581,10478,11022,11028,10868,11530,10807,10666,11062,11224,9560,10767,10373,10334,10581,9847,9977,10145,10012,10124,9988,10174,8186,10175,9459,9929,10899,9877,10062,10258,9783,10046,9487,9619,8371,9123,9132,9466,9606,9115,9093,8884,9086,9159,8921,9639,7906,9275,9059,9431,9471,8953,8836,8950,8436,9096,8420,8971,8375,7828,8260,8369,8749,8446,7923,8540,8288,8106,8216,8528,6993,8568,7822,7793,8035,7916,7883,8142,7851,8245,7940,7918,6545,7642,7448,7634,8046,7576,7764,7501,7130,7672,7615,7854,6943,6874,7323,7911,7826,7641,7483,7710,7302,7845,7648,7807,6664,7853,8011,8545,8204,8322,8201,8145,7771,8418,7739,8247,6470,7777,7685,7617,7914,7565,7630,8429,7722,7881,7688,8096,7104,7289,na,na,na,na,na,na,na,na,na,na,na,na,na,na,na,na,na,na,na,na,na,na,na,na,na,na,na,na,na,na,na,na,na,na,na,na,na,na,na,na,na,na,na,na,na,na,na,na,na,na,na,na,na,na,na,na,na,na,na,na,na,na,na,na,na,na,na,na,na,na,na,na,na,na,na,na,na,na,na,na,na,na,na,na,na,na,na,na,na,na,na,na,na,na,na,na,na,na,na,na,na,na,na,na,na,na,na,na,na,na,na,na,na,na,na,na,na,na,na,na,na,na,na,na,na,na,na,na,na,na,na,na,na,na,na,na,na,na,na,na,na,na,na,na,na,na,na,na,na,na,na,na,na,na,na,na,na,na,na,na,na,na,na,na,na,na,na,na,na,na,na,na,na,na,na,na,na,na,na,na,na,na,na,na,na,na,na,na,na,na,na,na,na,na,na,na,na,na,na,na,na,na,na,na,na,na,na,na,na,na,na,na,na,na,na,na,na,na,na,na,na,na,na,na,na,na,na,na
Psychiatric Hospitals Admissions,969,942,969,976,926,817,971,929,927,1003,1013,1011,1053,930,955,883,823,803,824,761,744,839,836,874,906,761,838,883,821,759,824,787,812,901,834,875,853,761,844,766,813,721,726,751,757,785,766,824,832,760,792,838,855,634,746,678,630,694,695,647,689,666,630,781,791,668,657,757,665,740,763,640,730,713,476,703,710,732,797,777,786,789,764,815,767,715,783,847,801,674,716,714,787,770,724,783,803,755,769,778,805,731,796,790,818,767,698,771,786,803,844,712,865,717,745,696,741,731,733,762,692,756,795,854,793,737,738,797,708,797,787,733,801,776,749,757,722,655,704,771,707,850,808,762,787,719,754,743,780,672,697,741,686,682,737,632,684,599,707,739,665,548,690,689,627,692,639,696,707,701,665,727,815,732,692,830,781,784,782,805,862,791,800,801,842,711,839,794,791,879,793,885,841,811,825,794,848,707,791,837,697,795,763,718,697,755,692,813,863,707,723,761,655,749,728,737,788,755,784,752,719,724,732,659,804,785,738,760,735,702,735,722,767,635,663,750,678,730,709,711,763,918,701,654,777,528,595,na,na,na,na,na,na,na,na,na,na,na,na,na,na,na,na,na,na,na,na,na,na,na,na,na,na,na,na,na,na,na,na,na,na,na,na,na,na,na,na,na,na,na,na,na,na,na,na,na,na,na,na,na,na,na,na,na,na,na,na,na,na,na,na,na,na,na,na,na,na,na,na,na,na,na,na,na,na,na,na,na,na,na,na,na,na,na,na,na,na,na,na,na,na,na,na,na,na,na,na,na,na,na,na,na,na,na,na,na,na,na,na,na,na,na,na,na,na,na,na,na,na,na,na,na,na,na,na,na,na,na,na,na,na,na,na,na,na,na,na,na,na,na,na,na,na,na,na,na,na,na,na,na,na,na,na,na,na,na,na,na,na,na,na,na,na,na,na,na,na,na,na,na,na,na,na,na,na,na,na,na,na,na,na,na,na,na,na,na,na,na,na,na,na,na,na,na,na,na,na,na,na,na,na,na,na,na,na,na,na,na,na,na,na,na,na,na,na,na,na,na,na,na,na,na,na,na,na
  Public,969,942,969,976,926,817,971,929,927,1003,1013,1011,1053,930,955,883,823,803,824,761,744,839,836,874,906,761,838,883,821,759,824,787,812,901,834,875,853,761,844,766,813,721,726,751,757,785,766,824,832,760,792,838,855,634,746,678,630,694,695,647,689,666,630,781,791,668,657,757,665,740,763,640,730,713,476,703,710,732,797,777,786,789,764,815,767,715,783,847,801,674,716,714,787,770,724,783,803,755,769,778,805,731,796,790,818,767,698,771,786,803,844,712,865,717,745,696,741,731,733,762,692,756,795,854,793,737,738,797,708,797,787,733,801,776,749,757,722,655,704,771,707,850,808,762,787,719,754,743,780,672,697,741,686,682,737,632,684,599,707,739,665,548,690,689,627,692,639,696,707,701,665,727,815,732,692,830,781,784,782,805,862,791,800,801,842,711,839,794,791,879,793,885,841,811,825,794,848,707,791,837,697,795,763,718,697,755,692,813,863,707,723,761,655,749,728,737,788,755,784,752,719,724,732,646,782,766,714,743,706,680,704,690,741,610,635,701,651,706,687,689,748,901,675,638,754,517,578,na,na,na,na,na,na,na,na,na,na,na,na,na,na,na,na,na,na,na,na,na,na,na,na,na,na,na,na,na,na,na,na,na,na,na,na,na,na,na,na,na,na,na,na,na,na,na,na,na,na,na,na,na,na,na,na,na,na,na,na,na,na,na,na,na,na,na,na,na,na,na,na,na,na,na,na,na,na,na,na,na,na,na,na,na,na,na,na,na,na,na,na,na,na,na,na,na,na,na,na,na,na,na,na,na,na,na,na,na,na,na,na,na,na,na,na,na,na,na,na,na,na,na,na,na,na,na,na,na,na,na,na,na,na,na,na,na,na,na,na,na,na,na,na,na,na,na,na,na,na,na,na,na,na,na,na,na,na,na,na,na,na,na,na,na,na,na,na,na,na,na,na,na,na,na,na,na,na,na,na,na,na,na,na,na,na,na,na,na,na,na,na,na,na,na,na,na,na,na,na,na,na,na,na,na,na,na,na,na,na,na,na,na,na,na,na,na,na,na,na,na,na,na,na,na,na,na,na
  Non-Public,0,0,0,0,0,0,0,0,0,0,0,0,0,0,0,0,0,0,0,0,0,0,0,0,0,0,0,0,0,0,0,0,0,0,0,0,0,0,0,0,0,0,0,0,0,0,0,0,0,0,0,0,0,0,0,0,0,0,0,0,0,0,0,0,0,0,0,0,0,0,0,0,0,0,0,0,0,0,0,0,0,0,0,0,0,0,0,0,0,0,0,0,0,0,0,0,0,0,0,0,0,0,0,0,0,0,0,0,0,0,0,0,0,0,0,0,0,0,0,0,0,0,0,0,0,0,0,0,0,0,0,0,0,0,0,0,0,0,0,0,0,0,0,0,0,0,0,0,0,0,0,0,0,0,0,0,0,0,0,0,0,0,0,0,0,0,0,0,0,0,0,0,0,0,0,0,0,0,0,0,0,0,0,0,0,0,0,0,0,0,0,0,0,0,0,0,0,0,0,0,0,0,0,0,0,0,0,0,0,0,0,0,0,0,0,0,0,0,0,0,0,0,0,13,22,19,24,17,29,22,31,32,26,25,28,49,27,24,22,22,15,17,26,16,23,11,17,na,na,na,na,na,na,na,na,na,na,na,na,na,na,na,na,na,na,na,na,na,na,na,na,na,na,na,na,na,na,na,na,na,na,na,na,na,na,na,na,na,na,na,na,na,na,na,na,na,na,na,na,na,na,na,na,na,na,na,na,na,na,na,na,na,na,na,na,na,na,na,na,na,na,na,na,na,na,na,na,na,na,na,na,na,na,na,na,na,na,na,na,na,na,na,na,na,na,na,na,na,na,na,na,na,na,na,na,na,na,na,na,na,na,na,na,na,na,na,na,na,na,na,na,na,na,na,na,na,na,na,na,na,na,na,na,na,na,na,na,na,na,na,na,na,na,na,na,na,na,na,na,na,na,na,na,na,na,na,na,na,na,na,na,na,na,na,na,na,na,na,na,na,na,na,na,na,na,na,na,na,na,na,na,na,na,na,na,na,na,na,na,na,na,na,na,na,na,na,na,na,na,na,na,na,na,na,na,na,na,na,na,na,na,na,na,na,na,na,na,na,na,na,na,na,na,na,na
Community Hospitals Admissions,2873,2585,2748,2792,2635,2468,2670,2683,2514,2685,2512,2680,2666,2447,2517,2364,2562,2099,2502,2483,2460,2397,2244,2392,2358,2175,2193,2101,2090,1901,2005,2008,1849,1819,1667,1854,1700,1804,1982,1833,1969,1452,1602,1902,1822,2194,1723,1918,2178,1769,1651,1978,2786,2048,1709,1619,2106,2288,1885,1724,1687,1516,1752,1768,1711,1577,1574,1659,1512,1650,1553,1810,1837,1809,2086,1939,1605,1635,1757,1781,1682,1726,1651,1729,1780,1601,1696,1676,1769,1343,1609,1571,1482,1582,1528,1555,1504,1517,1469,1515,1469,1364,1343,1458,1418,1447,1386,1493,1353,1378,1393,1319,1378,1050,1282,1296,1220,1206,1211,1272,1228,1138,1157,1183,1091,935,944,1050,892,1002,876,910,933,833,879,870,820,799,806,818,774,755,744,773,776,684,739,758,811,601,834,747,735,734,732,763,716,698,754,738,723,652,710,749,673,694,626,626,673,657,656,596,711,525,565,640,594,668,648,632,674,641,637,693,653,538,661,733,541,636,623,672,664,607,627,640,560,599,632,667,705,697,632,578,626,599,630,671,680,565,562,617,679,605,578,639,603,553,538,545,572,509,575,597,579,643,599,645,607,629,637,638,633,568,537,615,549,532,526,563,574,535,494,497,525,373,446,na,na,na,na,na,na,na,na,na,na,na,na,na,na,na,na,na,na,na,na,na,na,na,na,na,na,na,na,na,na,na,na,na,na,na,na,na,na,na,na,na,na,na,na,na,na,na,na,na,na,na,na,na,na,na,na,na,na,na,na,na,na,na,na,na,na,na,na,na,na,na,na,na,na,na,na,na,na,na,na,na,na,na,na,na,na,na,na,na,na,na,na,na,na,na,na,na,na,na,na,na,na,na,na,na,na,na,na,na,na,na,na,na,na,na,na,na,na,na,na,na,na,na,na,na,na,na,na,na,na,na,na,na,na,na,na,na,na,na,na,na,na,na,na,na,na,na,na,na,na,na,na,na,na,na,na,na,na,na,na,na,na,na,na,na,na,na,na,na,na,na,na,na,na,na,na,na,na,na,na,na,na,na,na,na,na,na,na,na,na,na,na,na,na,na,na,na,na,na,na,na,na,na,na,na,na,na,na,na,na,na,na,na,na,na,na,na,na,na,na,na,na,na,na,na,na,na,na
  Public,1914,1708,1841,1896,1799,1645,1754,1816,1714,1814,1698,1759,1731,1619,1636,1560,1691,1387,1682,1657,1636,1590,1488,1526,1516,1395,1408,1319,1308,1166,1235,1227,1115,1038,952,1066,972,1024,1185,1131,1135,805,878,1072,1089,1433,977,1200,1488,1034,1008,1168,1849,1458,971,957,1370,1548,1218,1025,1018,865,1080,1096,1014,926,882,912,819,933,794,1007,968,1017,1041,1014,850,872,946,943,858,873,849,898,915,811,879,822,890,687,790,776,696,782,729,730,690,678,678,671,650,610,581,655,638,650,645,699,607,659,612,606,617,442,531,519,492,498,520,522,464,471,463,438,426,331,288,289,229,273,208,197,196,147,143,125,127,141,112,146,117,146,123,122,130,106,116,119,134,92,116,101,123,88,94,88,83,67,81,77,87,80,84,66,86,75,63,40,56,63,48,50,57,43,41,59,54,61,58,54,69,69,79,69,0,0,0,0,0,0,0,0,0,0,0,0,0,0,0,0,0,0,0,0,0,0,0,0,0,0,0,0,0,0,0,0,0,0,0,0,0,0,0,0,0,0,0,0,0,0,0,0,0,0,0,0,0,0,0,0,0,0,0,0,0,0,0,na,na,na,na,na,na,na,na,na,na,na,na,na,na,na,na,na,na,na,na,na,na,na,na,na,na,na,na,na,na,na,na,na,na,na,na,na,na,na,na,na,na,na,na,na,na,na,na,na,na,na,na,na,na,na,na,na,na,na,na,na,na,na,na,na,na,na,na,na,na,na,na,na,na,na,na,na,na,na,na,na,na,na,na,na,na,na,na,na,na,na,na,na,na,na,na,na,na,na,na,na,na,na,na,na,na,na,na,na,na,na,na,na,na,na,na,na,na,na,na,na,na,na,na,na,na,na,na,na,na,na,na,na,na,na,na,na,na,na,na,na,na,na,na,na,na,na,na,na,na,na,na,na,na,na,na,na,na,na,na,na,na,na,na,na,na,na,na,na,na,na,na,na,na,na,na,na,na,na,na,na,na,na,na,na,na,na,na,na,na,na,na,na,na,na,na,na,na,na,na,na,na,na,na,na,na,na,na,na,na,na,na,na,na,na,na,na,na,na,na,na,na,na,na,na,na,na,na
  Non-Public,959,877,907,896,836,823,916,867,800,871,814,921,935,828,881,804,871,712,820,826,824,807,756,866,842,780,785,782,782,735,770,781,734,781,715,788,728,780,797,702,834,647,724,830,733,761,746,718,690,735,643,810,937,590,738,662,736,740,667,699,669,651,672,672,697,651,692,747,693,717,759,803,869,792,1045,925,755,763,811,838,824,853,802,831,865,790,817,854,879,656,819,795,786,800,799,825,814,839,791,844,819,754,762,803,780,797,741,794,746,719,781,713,761,608,751,777,728,708,691,750,764,667,694,745,665,604,656,761,663,729,668,713,737,686,736,745,693,658,694,672,657,609,621,651,646,578,623,639,677,509,718,646,612,646,638,675,633,631,673,661,636,572,626,683,587,619,563,586,617,594,608,546,654,482,524,581,540,607,590,578,605,572,558,624,653,538,661,733,541,636,623,672,664,607,627,640,560,599,632,667,705,697,632,578,626,599,630,671,680,565,562,617,679,605,578,639,603,553,538,545,572,509,575,597,579,643,599,645,607,629,637,638,633,568,537,615,549,532,526,563,574,535,494,497,525,373,446,na,na,na,na,na,na,na,na,na,na,na,na,na,na,na,na,na,na,na,na,na,na,na,na,na,na,na,na,na,na,na,na,na,na,na,na,na,na,na,na,na,na,na,na,na,na,na,na,na,na,na,na,na,na,na,na,na,na,na,na,na,na,na,na,na,na,na,na,na,na,na,na,na,na,na,na,na,na,na,na,na,na,na,na,na,na,na,na,na,na,na,na,na,na,na,na,na,na,na,na,na,na,na,na,na,na,na,na,na,na,na,na,na,na,na,na,na,na,na,na,na,na,na,na,na,na,na,na,na,na,na,na,na,na,na,na,na,na,na,na,na,na,na,na,na,na,na,na,na,na,na,na,na,na,na,na,na,na,na,na,na,na,na,na,na,na,na,na,na,na,na,na,na,na,na,na,na,na,na,na,na,na,na,na,na,na,na,na,na,na,na,na,na,na,na,na,na,na,na,na,na,na,na,na,na,na,na,na,na,na,na,na,na,na,na,na,na,na,na,na,na,na,na,na,na,na,na,na
Specialist Outpatient Clinics,559846,485719,461212,510388,514371,418568,521428,449477,459147,499108,490465,487000,535522,456976,469069,499863,454516,470174,456826,412187,460331,487029,449533,470705,515605,412405,458658,463887,436476,430042,503706,383675,447599,473070,430093,491787,459058,416931,472321,411435,482987,438848,427037,406056,465420,416911,460564,452536,432363,454293,418686,438545,450249,369299,455622,436375,433965,402821,449154,461350,456655,417150,320632,463916,513912,403217,459379,450783,457700,469204,461158,417996,413647,324034,187756,221367,332189,306789,436025,403128,445401,464595,436987,439911,501648,389316,454249,457373,438677,369739,484944,372077,427439,469400,405620,440044,454152,400151,437221,435136,430707,372175,461966,376515,439655,419176,398141,449400,426819,406009,429839,389625,449486,400818,388260,391268,434280,414329,410259,442534,394274,420403,415697,417248,438412,369372,406426,384194,378057,415116,387870,377630,423464,385033,384116,404565,417597,330568,411376,365090,368520,383294,393154,377812,401570,369546,367804,387205,378761,361161,376933,339398,367696,387258,364398,364591,406349,343011,380860,397003,363039,318045,404973,315496,366564,383690,344733,369311,392755,357073,379056,353345,383300,368675,339387,338024,361178,342482,371623,361968,369860,365917,341827,349725,383027,291968,356540,335137,330730,336728,331303,343294,360736,338910,321210,338582,365621,287108,334327,316282,310891,333860,323286,317909,356774,334463,286736,338884,347042,317083,303100,305181,307774,316541,326037,319270,355209,312529,309611,336843,306731,281139,350410,262198,309033,337069,291405,329272,332671,308889,317247,300481,320970,260298,318377,281341,306934,299003,305507,331495,312956,309383,313965,279846,328468,284331,271747,284436,273532,294557,299366,308163,294753,294458,280697,286922,306941,241306,287440,286503,273147,275466,293028,289469,299167,276451,271424,273914,295695,251886,247400,262613,232265,268344,252540,254373,278499,220898,147454,123078,253188,234197,279052,237363,254954,283617,255292,265228,285704,243787,263159,266837,243081,210296,270127,210784,245073,258758,225011,254321,255409,237607,242932,231734,240816,225532,220236,201676,238047,224676,225445,238884,234149,235975,236575,218947,245067,206766,223525,232620,229992,223286,229007,225190,235089,225551,213318,194834,229481,201856,203446,209194,204874,204968,210883,197313,218756,203574,188663,199401,210422,191322,174536,194466,190216,200476,202851,198327,219511,192344,191820,201030,187549,157389,200153,184212,181390,203355,186369,188152,207750,175696,187867,178144,185176,154571,192444,167961,186011,172445,171289,185264,175542,178897,172806,161175,183304,154737,161879,165858,166778,167943,171281,176960,168182,167896,159136,153030,171444,133064,162329,161522,158088,154771,159913,158256,160752,153968,152445,159001,165226,147504,137615,150201,147618,148542,151479,149011,160374,145748,137870,143679,152685,121927,153793,133319,136379,143575,128850,133742,144933,122144,134113,133120,123240,110647,134334,117093,133843,131874,115209,131691,124255,120387,120961,109823,124230,113554,113065,110629,118645,120669,115032,120266,112002,113888,107991,102533,117848,94190,112402,108181,111361,116897,121138,124388,115938,121781,109297,115979,123148,103465,114777,115127,112335,115514,115306,105987,124077,117786,101491,114022,114172,105174,98721
Accident & Emergency Departments,102335,98293,101301,95713,95327,86309,97457,91408,90245,98245,96605,94599,94354,88528,95863,94012,91510,89856,95799,92862,86963,91191,86257,88948,95994,86677,93454,85254,85229,83786,91550,86120,82471,87975,86086,89228,89061,80213,89842,89997,95673,84570,87222,83340,81091,91755,86463,89471,96398,86970,89804,75045,79733,80586,80536,70027,71186,71502,72097,75684,78919,66788,69046,82123,82693,72215,76807,74309,70950,73248,71161,74055,72545,67500,62962,69841,88121,74377,98333,95867,88545,88782,84906,90698,98385,89350,92618,88534,89670,82072,90869,91303,85384,85043,79829,82519,86044,78521,84834,81997,83943,77749,88237,79596,78327,82793,77268,81977,84964,81552,90987,84124,87191,79354,85325,80045,79320,82339,81809,87475,87482,80906,85931,80777,87290,85822,89522,81921,77552,78941,75508,82665,80360,83377,86075,80262,81518,73842,83405,77585,73271,77547,79164,83610,86028,85017,86058,79418,80301,75725,84647,84118,80234,84025,81096,82464,82318,85095,87961,84560,86940,79359,88630,83859,79286,83611,80201,79335,83852,77964,85167,82972,83149,80008,85885,79444,79388,82236,76610,76087,79868,75704,80567,75870,78038,72386,78287,71104,68758,74968,71140,77643,75461,69603,76782,70991,69716,62869,69746,66094,64651,66656,65171,75923,78644,68553,70173,70535,68341,60320,66243,66245,65264,67233,61682,64073,65874,62821,68712,68584,67203,63527,67321,62155,60076,60965,61778,62672,65641,62605,71180,62644,62343,56766,63297,57943,55428,56834,54438,56559,58833,59708,59631,53997,55432,51647,56313,53133,52388,56724,56235,59155,59062,55388,55795,52127,52216,50234,55854,54404,52621,54424,51037,54698,53535,51036,52477,48694,49482,47814,48268,47829,47141,49134,45559,43351,42212,39893,40638,36241,53284,50675,56276,50796,46768,49004,47799,50386,50799,47984,55291,51593,51276,46036,49254,46547,47447,48251,45621,47342,46843,44715,48650,47466,47554,44519,50420,45271,42472,46396,43695,44801,43814,41781,48000,46513,45363,44521,44715,43181,44366,45331,43732,43628,42773,41457,43991,43348,45309,44903,50897,41323,41036,43083,43501,46296,43449,41214,46366,43608,43896,40017,45025,41810,39363,39803,43042,45849,48330,48460,55184,45982,47979,44219,47157,47690,44836,46042,45889,43942,45784,44903,48335,42447,44027,43252,44686,43235,43657,42663,40330,42011,43837,42181,46915,42611,45136,41550,46006,42527,38410,40993,39578,40310,41475,41156,45191,43237,43285,40041,43734,42640,40354,40681,39421,42913,42846,41630,44233,41673,42512,40611,51042,49344,41923,43389,42659,50365,46643,45302,46996,42644,43761,44641,47672,44688,40979,40983,45171,47971,47082,46693,48778,43660,46209,44007,45281,46459,44541,45610,42724,45546,47628,44424,44478,41081,43063,40161,47856,43059,40467,43240,42086,42422,44955,44277,46003,40887,42969,41588,42481,41895,38142,41664,40714,40830,40639,37870,42209,41136,41375,40199,39089,38663,38085,37763,35360,39126,35554,33988,35922,34127,36113,34188,37771
Polyclinics,514481,644442,618455,630692,623348,524369,655272,623772,611079,651785,625418,611168,651124,587843,610643,625140,571805,600585,584435,592436,622822,619324,575899,602034,647813,551113,614140,599763,569767,539351,638837,584319,587731,602564,560762,610026,588195,543008,602607,524646,614981,557231,519971,568932,581319,553192,575688,587814,553484,574439,516978,520553,573038,477279,527577,548534,519148,498174,526768,522139,537257,515889,427460,527487,581035,465781,531038,529328,500266,548857,543203,529573,547490,505714,372042,373236,500678,490437,551852,536227,564421,571812,536578,552486,627174,528547,594199,578277,558840,464045,578689,513981,539107,570757,509057,536760,561882,492052,534867,529243,534902,452081,549125,478256,509702,501308,482951,522699,507901,478843,517837,472734,536613,478108,438835,435294,451631,428708,430934,468604,443474,442582,434117,442411,461900,399914,424430,418843,397986,429056,397460,395185,421428,404895,411033,410379,426242,342720,419470,387405,374831,382766,401230,391312,402717,382967,391893,390044,394255,365321,383633,374171,382510,401660,379066,384543,417848,365625,393171,403893,379362,323128,418646,361916,379299,401835,371726,380258,408890,381201,398658,377229,411277,390167,351582,387907,380195,380688,391813,364597,385809,375767,356183,372272,405632,323320,377860,365456,346277,368734,349059,355611,388814,355719,360350,378763,391103,299578,355032,358233,341973,361582,340660,349172,381094,325133,319202,360636,365731,334882,319605,318855,319644,327070,342639,330454,364699,318685,333003,358290,332452,289240,336558,289235,310367,330063,310373,330574,337752,319352,333385,316714,342768,264139,313231,288744,317780,298582,311646,324682,320271,332826,327812,305709,343239,315017,283681,321201,302919,321195,329674,356411,345632,336047,315280,340620,343389,277987,323025,326902,311036,330511,326471,323275,340399,302981,315397,316445,332037,291976,274240,310825,274361,309502,301271,283604,290265,241131,232110,210551,310858,259915,312884,268028,274619,299255,274528,283600,305180,261082,289339,299126,280113,228088,281266,239206,257501,280164,250151,261313,256550,246940,250001,243533,258148,245730,234557,218240,234376,228565,221721,231937,222291,210003,219097,245204,228379,240046,228518,231450,249108,242430,254825,246811,232030,239878,238628,236582,240734,265980,246462,235142,258746,230514,267970,253397,244366,253977,232367,246080,234952,235605,240232,232642,237930,248863,258113,242772,242569,251551,237388,248269,238673,226097,245499,237050,239526,248733,262593,234629,247142,238465,235512,247256,243281,213712,244242,220365,254036,232484,237782,233306,235811,231417,224820,236400,231174,236114,247877,219946,236006,242849,230907,231036,230724,244288,220486,246299,223662,229561,243484,235918,249118,235071,241922,254027,235439,249993,247751,254092,222707,279974,234682,254389,254616,239132,259872,252654,246377,252366,229647,210475,255738,214154,249204,231021,229610,246811,229265,225536,241241,214685,232891,221483,221703,195841,220876,226234,245535,260381,223640,237486,238081,239338,236560,216709,245879,215635,221470,231630,230520,232826,237370,241354,244639,265613,245225,237782,255394,219215,243908,270762,250500,244846,253049,256665,241924,248341,223333,248306,266283,221929,238097,261222,251897,256216,245706,243154,251215,239664,219142,245888,262136,254215,240542
Dental Clinics,102380,70560,81921,97826,91540,81512,99345,65886,76859,89855,88525,94544,103308,64316,82630,95286,84942,93772,83987,55298,71925,81884,82591,87871,101246,58465,78872,88294,78869,82820,99807,49978,67103,80229,76365,92590,88142,56309,83845,77274,90875,89490,81523,54360,73275,70948,82211,92526,82939,61969,71191,84430,84467,70592,85967,60148,75542,74442,81262,85437,63576,50652,56314,98293,100280,86027,94053,55891,74465,83670,80135,64523,53779,34812,8157,19635,60299,67207,99351,57586,74011,84173,86970,96923,111689,60432,92400,104342,96062,90480,115740,57506,76946,90306,88434,95101,109867,70444,85534,103591,97520,93860,114560,56461,80857,79637,86927,98041,104301,71913,85624,91880,106469,108403,96567,58111,81549,80025,88834,102088,95846,71979,82377,102309,100627,99356,100401,57097,70642,82609,80934,84866,99557,64086,82539,98686,101843,85664,104000,52206,64956,76089,86581,88821,97727,57759,78326,93816,86048,94146,94019,46433,62332,74877,78783,83986,101231,49714,79038,97613,82285,89571,98108,41880,60937,72742,75902,77868,94431,59020,77339,82833,87211,93729,69166,43907,63806,65018,78657,72789,90362,59509,68263,86550,90739,76444,79758,43765,58195,65027,73253,78094,90340,58643,67618,88088,85773,76041,78037,41311,55399,67081,64341,74203,90385,56550,64611,86990,80518,86149,71277,40390,54026,62677,76997,76266,95458,58203,70297,94170,76366,81658,96708,36211,58309,72362,76462,89798,96999,59360,76144,85042,86017,72359,80147,35235,58801,64691,72920,76467,76099,52851,63427,72491,86362,98515,80607,39417,53855,73016,88436,96033,97203,70016,79392,110547,99921,94539,104259,59691,57368,75976,96784,109718,107898,61943,78423,103966,98561,104515,90932,45084,65578,87544,93893,94237,98032,53055,38974,22974,84224,93270,111039,41135,62597,91038,94305,94514,103014,59698,80233,98272,82367,77049,108958,35792,68498,91012,86619,92436,93972,66596,84300,91712,88639,95673,88543,38752,72544,85256,78870,88481,92097,62872,78129,82367,86904,93243,96111,49868,78768,94358,93853,91722,103573,67430,85167,99733,97835,97063,108575,51494,85723,96822,95535,97056,110734,65041,85175,98242,93501,110775,93163,50826,87527,101082,97463,100750,112789,61338,89354,105373,91850,85167,114156,52199,87694,104800,93322,99894,110647,67395,89849,99096,97809,97878,121145,50797,89154,95083,95118,102818,104669,70781,91203,102278,101485,107704,110676,52311,87133,96386,97136,101374,100725,71042,86454,99431,96561,91194,113785,48495,85248,90467,94251,83279,101409,61182,87498,101337,95063,109412,93844,50056,85984,96513,94263,97450,107209,61114,84364,95289,97027,97062,116049,47383,80137,98085,91266,97268,106468,56114,95736,105529,95229,95797,123131,51610,86204,103163,89544,101451,101573,69614,88896,93536,103310,112141,108001,54408,85346,96439,99769,106255,99956,72672,86626,106567,107737,104791,121535,59954,83337,95535,97611,103603,103587,75602,86888,106251,109719,98923,111503,56135,89390,97392,102599,95827,111849,72667,84535,110739,107999,122616,103784
Day Surgeries,53337,42984,42314,48348,48592,36893,47187,42264,43363,46996,45591,45804,49564,42763,42811,45725,41500,41825,39110,36827,41213,44427,41058,42406,46363,36852,40080,40591,38106,34765,41085,32103,37172,39871,36739,40570,37887,34909,38480,33621,39661,35734,31824,31890,36492,32718,36149,35625,34077,36808,33301,35118,34798,27679,33272,32471,32474,30485,34420,34815,34484,33035,25113,36048,39917,29367,34218,33262,34649,35436,33755,29299,27796,20815,10393,13730,23426,21638,29284,28555,31885,34110,32181,31225,36206,27821,32111,32236,31694,25554,32558,25270,29384,33412,28328,30282,32022,27852,30381,30114,29755,23257,31558,25889,30315,29044,27227,30862,30101,28200,29058,26638,30901,27053,24645,26232,29222,27721,26821,29056,25915,28261,28021,27857,28632,22675,25801,24207,24123,27133,24605,24502,27545,24349,25230,25450,26427,19216,25242,21518,22830,23356,23687,22738,24600,22516,22511,23538,23272,21973,20376,19775,22691,22856,22183,21914,24639,20615,23244,23603,21354,17169,22338,17449,21324,22369,19140,20681,22713,20831,21901,19746,22051,21359,16749,18532,20210,19217,20899,19918,21623,21538,19172,19883,22372,15723,18984,18882,18757,19614,18870,19588,21092,19956,18918,19557,21450,14405,18549,17501,17247,18842,17650,18097,20813,19655,16154,19113,20055,18137,15020,16366,17005,17098,17668,17380,19621,17884,17438,18464,16995,14614,18155,13581,17173,19045,15907,18273,19110,18455,17558,16441,17844,12718,17534,15450,16344,16223,16352,17934,18264,17054,17099,15415,18248,15064,13172,15458,14652,15669,16237,15828,16140,16149,15041,15795,16856,11447,15092,na,na,na,na,na,na,na,na,na,na,na,na,na,na,na,na,na,na,na,na,na,na,na,na,na,na,na,na,na,na,na,na,na,na,na,na,na,na,na,na,na,na,na,na,na,na,na,na,na,na,na,na,na,na,na,na,na,na,na,na,na,na,na,na,na,na,na,na,na,na,na,na,na,na,na,na,na,na,na,na,na,na,na,na,na,na,na,na,na,na,na,na,na,na,na,na,na,na,na,na,na,na,na,na,na,na,na,na,na,na,na,na,na,na,na,na,na,na,na,na,na,na,na,na,na,na,na,na,na,na,na,na,na,na,na,na,na,na,na,na,na,na,na,na,na,na,na,na,na,na,na,na,na,na,na,na,na,na,na,na,na,na,na,na,na,na,na,na,na,na,na,na,na,na,na,na,na,na,na,na,na,na,na,na,na,na,na,na,na,na,na,na,na,na,na,na,na,na,na,na,na,na,na,na,na,na,na,na,na,na,na,na,na,na,na,na
,,,,,,,,,,,,,,,,,,,,,,,,,,,,,,,,,,,,,,,,,,,,,,,,,,,,,,,,,,,,,,,,,,,,,,,,,,,,,,,,,,,,,,,,,,,,,,,,,,,,,,,,,,,,,,,,,,,,,,,,,,,,,,,,,,,,,,,,,,,,,,,,,,,,,,,,,,,,,,,,,,,,,,,,,,,,,,,,,,,,,,,,,,,,,,,,,,,,,,,,,,,,,,,,,,,,,,,,,,,,,,,,,,,,,,,,,,,,,,,,,,,,,,,,,,,,,,,,,,,,,,,,,,,,,,,,,,,,,,,,,,,,,,,,,,,,,,,,,,,,,,,,,,,,,,,,,,,,,,,,,,,,,,,,,,,,,,,,,,,,,,,,,,,,,,,,,,,,,,,,,,,,,,,,,,,,,,,,,,,,,,,,,,,,,,,,,,,,,,,,,,,,,,,,,,,,,,,,,,,,,,,,,,,,,,,,,,,,,,,,,,,,,,,,,,,,,,,,,,,,,,,,,,,,,,,,,,,
Definitions and Footnotes:,,,,,,,,,,,,,,,,,,,,,,,,,,,,,,,,,,,,,,,,,,,,,,,,,,,,,,,,,,,,,,,,,,,,,,,,,,,,,,,,,,,,,,,,,,,,,,,,,,,,,,,,,,,,,,,,,,,,,,,,,,,,,,,,,,,,,,,,,,,,,,,,,,,,,,,,,,,,,,,,,,,,,,,,,,,,,,,,,,,,,,,,,,,,,,,,,,,,,,,,,,,,,,,,,,,,,,,,,,,,,,,,,,,,,,,,,,,,,,,,,,,,,,,,,,,,,,,,,,,,,,,,,,,,,,,,,,,,,,,,,,,,,,,,,,,,,,,,,,,,,,,,,,,,,,,,,,,,,,,,,,,,,,,,,,,,,,,,,,,,,,,,,,,,,,,,,,,,,,,,,,,,,,,,,,,,,,,,,,,,,,,,,,,,,,,,,,,,,,,,,,,,,,,,,,,,,,,,,,,,,,,,,,,,,,,,,,,,,,,,,,,,,,,,,,,,,,,,,,,,,,,,,,,,,,,,,,,
"Public health facilities refer to those owned or controlled by a government unit or another public corporation (where control is defined as the ability to determine the general corporate policy).  Not-for-profit health facilities refer to those producing health goods and services, but are not permitted to be a source of income, profit or financial gain for the unit(s) that establish, control or finance them.  Private health facilities refer to those set up for the purpose of producing health goods and services and are capable of generating a profit or other financial gains for their owners.  A residential health facility providing more than one residential care service will be categorised based on its highest level of medical capability (LMC), provided the highest LMC beds make up at least 25 per cent of total bed capacity.  For example, a health facility providing both community hospital and chronic sick services will be categorised as a 'Community Hospital' if its number of community hospital beds is at least 25 per cent of its total bed capacity.  'Community Hospitals' includes multiple services i.e. community hospital (sub-acute and rehabilitation), chronic sick units and inpatient hospice.",,,,,,,,,,,,,,,,,,,,,,,,,,,,,,,,,,,,,,,,,,,,,,,,,,,,,,,,,,,,,,,,,,,,,,,,,,,,,,,,,,,,,,,,,,,,,,,,,,,,,,,,,,,,,,,,,,,,,,,,,,,,,,,,,,,,,,,,,,,,,,,,,,,,,,,,,,,,,,,,,,,,,,,,,,,,,,,,,,,,,,,,,,,,,,,,,,,,,,,,,,,,,,,,,,,,,,,,,,,,,,,,,,,,,,,,,,,,,,,,,,,,,,,,,,,,,,,,,,,,,,,,,,,,,,,,,,,,,,,,,,,,,,,,,,,,,,,,,,,,,,,,,,,,,,,,,,,,,,,,,,,,,,,,,,,,,,,,,,,,,,,,,,,,,,,,,,,,,,,,,,,,,,,,,,,,,,,,,,,,,,,,,,,,,,,,,,,,,,,,,,,,,,,,,,,,,,,,,,,,,,,,,,,,,,,,,,,,,,,,,,,,,,,,,,,,,,,,,,,,,,,,,,,,,,,,,,,
Acute Hospitals Admissions (Number):,,,,,,,,,,,,,,,,,,,,,,,,,,,,,,,,,,,,,,,,,,,,,,,,,,,,,,,,,,,,,,,,,,,,,,,,,,,,,,,,,,,,,,,,,,,,,,,,,,,,,,,,,,,,,,,,,,,,,,,,,,,,,,,,,,,,,,,,,,,,,,,,,,,,,,,,,,,,,,,,,,,,,,,,,,,,,,,,,,,,,,,,,,,,,,,,,,,,,,,,,,,,,,,,,,,,,,,,,,,,,,,,,,,,,,,,,,,,,,,,,,,,,,,,,,,,,,,,,,,,,,,,,,,,,,,,,,,,,,,,,,,,,,,,,,,,,,,,,,,,,,,,,,,,,,,,,,,,,,,,,,,,,,,,,,,,,,,,,,,,,,,,,,,,,,,,,,,,,,,,,,,,,,,,,,,,,,,,,,,,,,,,,,,,,,,,,,,,,,,,,,,,,,,,,,,,,,,,,,,,,,,,,,,,,,,,,,,,,,,,,,,,,,,,,,,,,,,,,,,,,,,,,,,,,,,,,,,
"Refers to inpatient discharges.  Comprises both general hospitals and specialty centres (excluding Psychiatric Hospitals) with acute care inpatient facilities.  Concord International Hospital's operations were suspended from December 2020 to June 2021.  Data from July 2021 include admission to Concord International Hospital.  Data from May 2024 includes Woodlands Health Campus.",,,,,,,,,,,,,,,,,,,,,,,,,,,,,,,,,,,,,,,,,,,,,,,,,,,,,,,,,,,,,,,,,,,,,,,,,,,,,,,,,,,,,,,,,,,,,,,,,,,,,,,,,,,,,,,,,,,,,,,,,,,,,,,,,,,,,,,,,,,,,,,,,,,,,,,,,,,,,,,,,,,,,,,,,,,,,,,,,,,,,,,,,,,,,,,,,,,,,,,,,,,,,,,,,,,,,,,,,,,,,,,,,,,,,,,,,,,,,,,,,,,,,,,,,,,,,,,,,,,,,,,,,,,,,,,,,,,,,,,,,,,,,,,,,,,,,,,,,,,,,,,,,,,,,,,,,,,,,,,,,,,,,,,,,,,,,,,,,,,,,,,,,,,,,,,,,,,,,,,,,,,,,,,,,,,,,,,,,,,,,,,,,,,,,,,,,,,,,,,,,,,,,,,,,,,,,,,,,,,,,,,,,,,,,,,,,,,,,,,,,,,,,,,,,,,,,,,,,,,,,,,,,,,,,,,,,,,
Acute Hospitals Admissions -> Public (Number):,,,,,,,,,,,,,,,,,,,,,,,,,,,,,,,,,,,,,,,,,,,,,,,,,,,,,,,,,,,,,,,,,,,,,,,,,,,,,,,,,,,,,,,,,,,,,,,,,,,,,,,,,,,,,,,,,,,,,,,,,,,,,,,,,,,,,,,,,,,,,,,,,,,,,,,,,,,,,,,,,,,,,,,,,,,,,,,,,,,,,,,,,,,,,,,,,,,,,,,,,,,,,,,,,,,,,,,,,,,,,,,,,,,,,,,,,,,,,,,,,,,,,,,,,,,,,,,,,,,,,,,,,,,,,,,,,,,,,,,,,,,,,,,,,,,,,,,,,,,,,,,,,,,,,,,,,,,,,,,,,,,,,,,,,,,,,,,,,,,,,,,,,,,,,,,,,,,,,,,,,,,,,,,,,,,,,,,,,,,,,,,,,,,,,,,,,,,,,,,,,,,,,,,,,,,,,,,,,,,,,,,,,,,,,,,,,,,,,,,,,,,,,,,,,,,,,,,,,,,,,,,,,,,,,,,,,,,
"Refers to inpatient discharges.  Comprises both general hospitals and specialty centres (excluding Psychiatric Hospitals) with acute care inpatient facilities.  Concord International Hospital's operations were suspended from December 2020 to June 2021.  Data from July 2021 include admission to Concord International Hospital.  Data from May 2024 includes Woodlands Health Campus.",,,,,,,,,,,,,,,,,,,,,,,,,,,,,,,,,,,,,,,,,,,,,,,,,,,,,,,,,,,,,,,,,,,,,,,,,,,,,,,,,,,,,,,,,,,,,,,,,,,,,,,,,,,,,,,,,,,,,,,,,,,,,,,,,,,,,,,,,,,,,,,,,,,,,,,,,,,,,,,,,,,,,,,,,,,,,,,,,,,,,,,,,,,,,,,,,,,,,,,,,,,,,,,,,,,,,,,,,,,,,,,,,,,,,,,,,,,,,,,,,,,,,,,,,,,,,,,,,,,,,,,,,,,,,,,,,,,,,,,,,,,,,,,,,,,,,,,,,,,,,,,,,,,,,,,,,,,,,,,,,,,,,,,,,,,,,,,,,,,,,,,,,,,,,,,,,,,,,,,,,,,,,,,,,,,,,,,,,,,,,,,,,,,,,,,,,,,,,,,,,,,,,,,,,,,,,,,,,,,,,,,,,,,,,,,,,,,,,,,,,,,,,,,,,,,,,,,,,,,,,,,,,,,,,,,,,,,
Acute Hospitals Admissions -> Non-Public (Number):,,,,,,,,,,,,,,,,,,,,,,,,,,,,,,,,,,,,,,,,,,,,,,,,,,,,,,,,,,,,,,,,,,,,,,,,,,,,,,,,,,,,,,,,,,,,,,,,,,,,,,,,,,,,,,,,,,,,,,,,,,,,,,,,,,,,,,,,,,,,,,,,,,,,,,,,,,,,,,,,,,,,,,,,,,,,,,,,,,,,,,,,,,,,,,,,,,,,,,,,,,,,,,,,,,,,,,,,,,,,,,,,,,,,,,,,,,,,,,,,,,,,,,,,,,,,,,,,,,,,,,,,,,,,,,,,,,,,,,,,,,,,,,,,,,,,,,,,,,,,,,,,,,,,,,,,,,,,,,,,,,,,,,,,,,,,,,,,,,,,,,,,,,,,,,,,,,,,,,,,,,,,,,,,,,,,,,,,,,,,,,,,,,,,,,,,,,,,,,,,,,,,,,,,,,,,,,,,,,,,,,,,,,,,,,,,,,,,,,,,,,,,,,,,,,,,,,,,,,,,,,,,,,,,,,,,,,,
"Refers to inpatient discharges.  Comprises both general hospitals and specialty centres (excluding Psychiatric Hospitals) with acute care inpatient facilities.  Concord International Hospital's operations were suspended from December 2020 to June 2021.  Data from July 2021 include admission to Concord International Hospital.  'Non-Public' comprises 'Private' and 'Not-for-Profit' health facilities.   ",,,,,,,,,,,,,,,,,,,,,,,,,,,,,,,,,,,,,,,,,,,,,,,,,,,,,,,,,,,,,,,,,,,,,,,,,,,,,,,,,,,,,,,,,,,,,,,,,,,,,,,,,,,,,,,,,,,,,,,,,,,,,,,,,,,,,,,,,,,,,,,,,,,,,,,,,,,,,,,,,,,,,,,,,,,,,,,,,,,,,,,,,,,,,,,,,,,,,,,,,,,,,,,,,,,,,,,,,,,,,,,,,,,,,,,,,,,,,,,,,,,,,,,,,,,,,,,,,,,,,,,,,,,,,,,,,,,,,,,,,,,,,,,,,,,,,,,,,,,,,,,,,,,,,,,,,,,,,,,,,,,,,,,,,,,,,,,,,,,,,,,,,,,,,,,,,,,,,,,,,,,,,,,,,,,,,,,,,,,,,,,,,,,,,,,,,,,,,,,,,,,,,,,,,,,,,,,,,,,,,,,,,,,,,,,,,,,,,,,,,,,,,,,,,,,,,,,,,,,,,,,,,,,,,,,,,,,
Psychiatric Hospitals Admissions (Number):,,,,,,,,,,,,,,,,,,,,,,,,,,,,,,,,,,,,,,,,,,,,,,,,,,,,,,,,,,,,,,,,,,,,,,,,,,,,,,,,,,,,,,,,,,,,,,,,,,,,,,,,,,,,,,,,,,,,,,,,,,,,,,,,,,,,,,,,,,,,,,,,,,,,,,,,,,,,,,,,,,,,,,,,,,,,,,,,,,,,,,,,,,,,,,,,,,,,,,,,,,,,,,,,,,,,,,,,,,,,,,,,,,,,,,,,,,,,,,,,,,,,,,,,,,,,,,,,,,,,,,,,,,,,,,,,,,,,,,,,,,,,,,,,,,,,,,,,,,,,,,,,,,,,,,,,,,,,,,,,,,,,,,,,,,,,,,,,,,,,,,,,,,,,,,,,,,,,,,,,,,,,,,,,,,,,,,,,,,,,,,,,,,,,,,,,,,,,,,,,,,,,,,,,,,,,,,,,,,,,,,,,,,,,,,,,,,,,,,,,,,,,,,,,,,,,,,,,,,,,,,,,,,,,,,,,,,,
Refers to inpatient discharges.  Data from February 2024 excludes admission to Institute of Mental Health due to data migration.,,,,,,,,,,,,,,,,,,,,,,,,,,,,,,,,,,,,,,,,,,,,,,,,,,,,,,,,,,,,,,,,,,,,,,,,,,,,,,,,,,,,,,,,,,,,,,,,,,,,,,,,,,,,,,,,,,,,,,,,,,,,,,,,,,,,,,,,,,,,,,,,,,,,,,,,,,,,,,,,,,,,,,,,,,,,,,,,,,,,,,,,,,,,,,,,,,,,,,,,,,,,,,,,,,,,,,,,,,,,,,,,,,,,,,,,,,,,,,,,,,,,,,,,,,,,,,,,,,,,,,,,,,,,,,,,,,,,,,,,,,,,,,,,,,,,,,,,,,,,,,,,,,,,,,,,,,,,,,,,,,,,,,,,,,,,,,,,,,,,,,,,,,,,,,,,,,,,,,,,,,,,,,,,,,,,,,,,,,,,,,,,,,,,,,,,,,,,,,,,,,,,,,,,,,,,,,,,,,,,,,,,,,,,,,,,,,,,,,,,,,,,,,,,,,,,,,,,,,,,,,,,,,,,,,,,,,,
Psychiatric Hospitals Admissions -> Public (Number):,,,,,,,,,,,,,,,,,,,,,,,,,,,,,,,,,,,,,,,,,,,,,,,,,,,,,,,,,,,,,,,,,,,,,,,,,,,,,,,,,,,,,,,,,,,,,,,,,,,,,,,,,,,,,,,,,,,,,,,,,,,,,,,,,,,,,,,,,,,,,,,,,,,,,,,,,,,,,,,,,,,,,,,,,,,,,,,,,,,,,,,,,,,,,,,,,,,,,,,,,,,,,,,,,,,,,,,,,,,,,,,,,,,,,,,,,,,,,,,,,,,,,,,,,,,,,,,,,,,,,,,,,,,,,,,,,,,,,,,,,,,,,,,,,,,,,,,,,,,,,,,,,,,,,,,,,,,,,,,,,,,,,,,,,,,,,,,,,,,,,,,,,,,,,,,,,,,,,,,,,,,,,,,,,,,,,,,,,,,,,,,,,,,,,,,,,,,,,,,,,,,,,,,,,,,,,,,,,,,,,,,,,,,,,,,,,,,,,,,,,,,,,,,,,,,,,,,,,,,,,,,,,,,,,,,,,,,
Refers to inpatient discharges.  Data from February 2024 excludes admission to Institute of Mental Health due to data migration.,,,,,,,,,,,,,,,,,,,,,,,,,,,,,,,,,,,,,,,,,,,,,,,,,,,,,,,,,,,,,,,,,,,,,,,,,,,,,,,,,,,,,,,,,,,,,,,,,,,,,,,,,,,,,,,,,,,,,,,,,,,,,,,,,,,,,,,,,,,,,,,,,,,,,,,,,,,,,,,,,,,,,,,,,,,,,,,,,,,,,,,,,,,,,,,,,,,,,,,,,,,,,,,,,,,,,,,,,,,,,,,,,,,,,,,,,,,,,,,,,,,,,,,,,,,,,,,,,,,,,,,,,,,,,,,,,,,,,,,,,,,,,,,,,,,,,,,,,,,,,,,,,,,,,,,,,,,,,,,,,,,,,,,,,,,,,,,,,,,,,,,,,,,,,,,,,,,,,,,,,,,,,,,,,,,,,,,,,,,,,,,,,,,,,,,,,,,,,,,,,,,,,,,,,,,,,,,,,,,,,,,,,,,,,,,,,,,,,,,,,,,,,,,,,,,,,,,,,,,,,,,,,,,,,,,,,,,
Psychiatric Hospitals Admissions -> Non-Public (Number):,,,,,,,,,,,,,,,,,,,,,,,,,,,,,,,,,,,,,,,,,,,,,,,,,,,,,,,,,,,,,,,,,,,,,,,,,,,,,,,,,,,,,,,,,,,,,,,,,,,,,,,,,,,,,,,,,,,,,,,,,,,,,,,,,,,,,,,,,,,,,,,,,,,,,,,,,,,,,,,,,,,,,,,,,,,,,,,,,,,,,,,,,,,,,,,,,,,,,,,,,,,,,,,,,,,,,,,,,,,,,,,,,,,,,,,,,,,,,,,,,,,,,,,,,,,,,,,,,,,,,,,,,,,,,,,,,,,,,,,,,,,,,,,,,,,,,,,,,,,,,,,,,,,,,,,,,,,,,,,,,,,,,,,,,,,,,,,,,,,,,,,,,,,,,,,,,,,,,,,,,,,,,,,,,,,,,,,,,,,,,,,,,,,,,,,,,,,,,,,,,,,,,,,,,,,,,,,,,,,,,,,,,,,,,,,,,,,,,,,,,,,,,,,,,,,,,,,,,,,,,,,,,,,,,,,,,,,
"Refers to inpatient discharges.  'Non-Public' comprises 'Private' and 'Not-for-Profit' health facilities.  Data from February 2024 excludes admission to Institute of Mental Health due to data migration.",,,,,,,,,,,,,,,,,,,,,,,,,,,,,,,,,,,,,,,,,,,,,,,,,,,,,,,,,,,,,,,,,,,,,,,,,,,,,,,,,,,,,,,,,,,,,,,,,,,,,,,,,,,,,,,,,,,,,,,,,,,,,,,,,,,,,,,,,,,,,,,,,,,,,,,,,,,,,,,,,,,,,,,,,,,,,,,,,,,,,,,,,,,,,,,,,,,,,,,,,,,,,,,,,,,,,,,,,,,,,,,,,,,,,,,,,,,,,,,,,,,,,,,,,,,,,,,,,,,,,,,,,,,,,,,,,,,,,,,,,,,,,,,,,,,,,,,,,,,,,,,,,,,,,,,,,,,,,,,,,,,,,,,,,,,,,,,,,,,,,,,,,,,,,,,,,,,,,,,,,,,,,,,,,,,,,,,,,,,,,,,,,,,,,,,,,,,,,,,,,,,,,,,,,,,,,,,,,,,,,,,,,,,,,,,,,,,,,,,,,,,,,,,,,,,,,,,,,,,,,,,,,,,,,,,,,,,
Community Hospitals Admissions (Number):,,,,,,,,,,,,,,,,,,,,,,,,,,,,,,,,,,,,,,,,,,,,,,,,,,,,,,,,,,,,,,,,,,,,,,,,,,,,,,,,,,,,,,,,,,,,,,,,,,,,,,,,,,,,,,,,,,,,,,,,,,,,,,,,,,,,,,,,,,,,,,,,,,,,,,,,,,,,,,,,,,,,,,,,,,,,,,,,,,,,,,,,,,,,,,,,,,,,,,,,,,,,,,,,,,,,,,,,,,,,,,,,,,,,,,,,,,,,,,,,,,,,,,,,,,,,,,,,,,,,,,,,,,,,,,,,,,,,,,,,,,,,,,,,,,,,,,,,,,,,,,,,,,,,,,,,,,,,,,,,,,,,,,,,,,,,,,,,,,,,,,,,,,,,,,,,,,,,,,,,,,,,,,,,,,,,,,,,,,,,,,,,,,,,,,,,,,,,,,,,,,,,,,,,,,,,,,,,,,,,,,,,,,,,,,,,,,,,,,,,,,,,,,,,,,,,,,,,,,,,,,,,,,,,,,,,,,,
"Refer to inpatient discharges for all services (including chronic sick and inpatient hospice) in Community Hospitals.  Please note that admission to the following Community Hospitals includes COVID-19 patients: a) St. Andrew's Community Hospital (from July 2021 - May 2022), b) Jurong Community Hospital (from October 2021 - June 2022), c) Yishun Community Hospital (from October 2021 - May 2022) and d) Bright Vision Hospital (from April 2020 - August 2023).  Admission to Bright Vision Hospital has temporarily ceased from Sep 2023.  Data from Jan 2024 include admission to Woodlands Community Hospital and TTSH-Integrated Care Hub(ICH).  Data from Apr 2024 exclude admission to TTSH-Integrated Care Hub(ICH) due to systems issue.",,,,,,,,,,,,,,,,,,,,,,,,,,,,,,,,,,,,,,,,,,,,,,,,,,,,,,,,,,,,,,,,,,,,,,,,,,,,,,,,,,,,,,,,,,,,,,,,,,,,,,,,,,,,,,,,,,,,,,,,,,,,,,,,,,,,,,,,,,,,,,,,,,,,,,,,,,,,,,,,,,,,,,,,,,,,,,,,,,,,,,,,,,,,,,,,,,,,,,,,,,,,,,,,,,,,,,,,,,,,,,,,,,,,,,,,,,,,,,,,,,,,,,,,,,,,,,,,,,,,,,,,,,,,,,,,,,,,,,,,,,,,,,,,,,,,,,,,,,,,,,,,,,,,,,,,,,,,,,,,,,,,,,,,,,,,,,,,,,,,,,,,,,,,,,,,,,,,,,,,,,,,,,,,,,,,,,,,,,,,,,,,,,,,,,,,,,,,,,,,,,,,,,,,,,,,,,,,,,,,,,,,,,,,,,,,,,,,,,,,,,,,,,,,,,,,,,,,,,,,,,,,,,,,,,,,,,,
Community Hospitals Admissions -> Public (Number):,,,,,,,,,,,,,,,,,,,,,,,,,,,,,,,,,,,,,,,,,,,,,,,,,,,,,,,,,,,,,,,,,,,,,,,,,,,,,,,,,,,,,,,,,,,,,,,,,,,,,,,,,,,,,,,,,,,,,,,,,,,,,,,,,,,,,,,,,,,,,,,,,,,,,,,,,,,,,,,,,,,,,,,,,,,,,,,,,,,,,,,,,,,,,,,,,,,,,,,,,,,,,,,,,,,,,,,,,,,,,,,,,,,,,,,,,,,,,,,,,,,,,,,,,,,,,,,,,,,,,,,,,,,,,,,,,,,,,,,,,,,,,,,,,,,,,,,,,,,,,,,,,,,,,,,,,,,,,,,,,,,,,,,,,,,,,,,,,,,,,,,,,,,,,,,,,,,,,,,,,,,,,,,,,,,,,,,,,,,,,,,,,,,,,,,,,,,,,,,,,,,,,,,,,,,,,,,,,,,,,,,,,,,,,,,,,,,,,,,,,,,,,,,,,,,,,,,,,,,,,,,,,,,,,,,,,,,
"Refer to inpatient discharges for all services (including chronic sick and inpatient hospice) in Community Hospitals.  Please note that admission to the following Community Hospitals includes COVID-19 patients: a) St. Andrew's Community Hospital (from July 2021 - May 2022), b) Jurong Community Hospital (from October 2021 - June 2022), c) Yishun Community Hospital (from October 2021 - May 2022) and d) Bright Vision Hospital (from April 2020 - August 2023).  Admission to Bright Vision Hospital has temporarily ceased from Sep 2023.  With effect from April 2011, the ownership of Bright Vision Hospital was transferred to Singapore Health Services (Public).",,,,,,,,,,,,,,,,,,,,,,,,,,,,,,,,,,,,,,,,,,,,,,,,,,,,,,,,,,,,,,,,,,,,,,,,,,,,,,,,,,,,,,,,,,,,,,,,,,,,,,,,,,,,,,,,,,,,,,,,,,,,,,,,,,,,,,,,,,,,,,,,,,,,,,,,,,,,,,,,,,,,,,,,,,,,,,,,,,,,,,,,,,,,,,,,,,,,,,,,,,,,,,,,,,,,,,,,,,,,,,,,,,,,,,,,,,,,,,,,,,,,,,,,,,,,,,,,,,,,,,,,,,,,,,,,,,,,,,,,,,,,,,,,,,,,,,,,,,,,,,,,,,,,,,,,,,,,,,,,,,,,,,,,,,,,,,,,,,,,,,,,,,,,,,,,,,,,,,,,,,,,,,,,,,,,,,,,,,,,,,,,,,,,,,,,,,,,,,,,,,,,,,,,,,,,,,,,,,,,,,,,,,,,,,,,,,,,,,,,,,,,,,,,,,,,,,,,,,,,,,,,,,,,,,,,,,,
Community Hospitals Admissions -> Non-Public (Number):,,,,,,,,,,,,,,,,,,,,,,,,,,,,,,,,,,,,,,,,,,,,,,,,,,,,,,,,,,,,,,,,,,,,,,,,,,,,,,,,,,,,,,,,,,,,,,,,,,,,,,,,,,,,,,,,,,,,,,,,,,,,,,,,,,,,,,,,,,,,,,,,,,,,,,,,,,,,,,,,,,,,,,,,,,,,,,,,,,,,,,,,,,,,,,,,,,,,,,,,,,,,,,,,,,,,,,,,,,,,,,,,,,,,,,,,,,,,,,,,,,,,,,,,,,,,,,,,,,,,,,,,,,,,,,,,,,,,,,,,,,,,,,,,,,,,,,,,,,,,,,,,,,,,,,,,,,,,,,,,,,,,,,,,,,,,,,,,,,,,,,,,,,,,,,,,,,,,,,,,,,,,,,,,,,,,,,,,,,,,,,,,,,,,,,,,,,,,,,,,,,,,,,,,,,,,,,,,,,,,,,,,,,,,,,,,,,,,,,,,,,,,,,,,,,,,,,,,,,,,,,,,,,,,,,,,,,,
"Refer to inpatient discharges for all services (including chronic sick and inpatient hospice) in Community Hospitals.  Please note that admission to the following Community Hospitals includes COVID-19 patients: a) St. Andrew's Community Hospital (from July 2021 - May 2022), b) Jurong Community Hospital (from October 2021 - June 2022), c) Yishun Community Hospital (from October 2021 - May 2022) and d) Bright Vision Hospital (from April 2020 - August 2023).  Admission to Bright Vision Hospital has temporarily ceased from Sep 2023.  'Non-Public' comprises 'Private' and 'Not-for-Profit' health facilities.",,,,,,,,,,,,,,,,,,,,,,,,,,,,,,,,,,,,,,,,,,,,,,,,,,,,,,,,,,,,,,,,,,,,,,,,,,,,,,,,,,,,,,,,,,,,,,,,,,,,,,,,,,,,,,,,,,,,,,,,,,,,,,,,,,,,,,,,,,,,,,,,,,,,,,,,,,,,,,,,,,,,,,,,,,,,,,,,,,,,,,,,,,,,,,,,,,,,,,,,,,,,,,,,,,,,,,,,,,,,,,,,,,,,,,,,,,,,,,,,,,,,,,,,,,,,,,,,,,,,,,,,,,,,,,,,,,,,,,,,,,,,,,,,,,,,,,,,,,,,,,,,,,,,,,,,,,,,,,,,,,,,,,,,,,,,,,,,,,,,,,,,,,,,,,,,,,,,,,,,,,,,,,,,,,,,,,,,,,,,,,,,,,,,,,,,,,,,,,,,,,,,,,,,,,,,,,,,,,,,,,,,,,,,,,,,,,,,,,,,,,,,,,,,,,,,,,,,,,,,,,,,,,,,,,,,,,,
Specialist Outpatient Clinics (Number):,,,,,,,,,,,,,,,,,,,,,,,,,,,,,,,,,,,,,,,,,,,,,,,,,,,,,,,,,,,,,,,,,,,,,,,,,,,,,,,,,,,,,,,,,,,,,,,,,,,,,,,,,,,,,,,,,,,,,,,,,,,,,,,,,,,,,,,,,,,,,,,,,,,,,,,,,,,,,,,,,,,,,,,,,,,,,,,,,,,,,,,,,,,,,,,,,,,,,,,,,,,,,,,,,,,,,,,,,,,,,,,,,,,,,,,,,,,,,,,,,,,,,,,,,,,,,,,,,,,,,,,,,,,,,,,,,,,,,,,,,,,,,,,,,,,,,,,,,,,,,,,,,,,,,,,,,,,,,,,,,,,,,,,,,,,,,,,,,,,,,,,,,,,,,,,,,,,,,,,,,,,,,,,,,,,,,,,,,,,,,,,,,,,,,,,,,,,,,,,,,,,,,,,,,,,,,,,,,,,,,,,,,,,,,,,,,,,,,,,,,,,,,,,,,,,,,,,,,,,,,,,,,,,,,,,,,,,
"With effect from January 2015, data include Jurong Medical Centre.  With effect from July 2017, data include Admiralty Medical Centre.  Data from May 2024 includes Woodlands Health Campus.",,,,,,,,,,,,,,,,,,,,,,,,,,,,,,,,,,,,,,,,,,,,,,,,,,,,,,,,,,,,,,,,,,,,,,,,,,,,,,,,,,,,,,,,,,,,,,,,,,,,,,,,,,,,,,,,,,,,,,,,,,,,,,,,,,,,,,,,,,,,,,,,,,,,,,,,,,,,,,,,,,,,,,,,,,,,,,,,,,,,,,,,,,,,,,,,,,,,,,,,,,,,,,,,,,,,,,,,,,,,,,,,,,,,,,,,,,,,,,,,,,,,,,,,,,,,,,,,,,,,,,,,,,,,,,,,,,,,,,,,,,,,,,,,,,,,,,,,,,,,,,,,,,,,,,,,,,,,,,,,,,,,,,,,,,,,,,,,,,,,,,,,,,,,,,,,,,,,,,,,,,,,,,,,,,,,,,,,,,,,,,,,,,,,,,,,,,,,,,,,,,,,,,,,,,,,,,,,,,,,,,,,,,,,,,,,,,,,,,,,,,,,,,,,,,,,,,,,,,,,,,,,,,,,,,,,,,,
Accident & Emergency Departments (Number):,,,,,,,,,,,,,,,,,,,,,,,,,,,,,,,,,,,,,,,,,,,,,,,,,,,,,,,,,,,,,,,,,,,,,,,,,,,,,,,,,,,,,,,,,,,,,,,,,,,,,,,,,,,,,,,,,,,,,,,,,,,,,,,,,,,,,,,,,,,,,,,,,,,,,,,,,,,,,,,,,,,,,,,,,,,,,,,,,,,,,,,,,,,,,,,,,,,,,,,,,,,,,,,,,,,,,,,,,,,,,,,,,,,,,,,,,,,,,,,,,,,,,,,,,,,,,,,,,,,,,,,,,,,,,,,,,,,,,,,,,,,,,,,,,,,,,,,,,,,,,,,,,,,,,,,,,,,,,,,,,,,,,,,,,,,,,,,,,,,,,,,,,,,,,,,,,,,,,,,,,,,,,,,,,,,,,,,,,,,,,,,,,,,,,,,,,,,,,,,,,,,,,,,,,,,,,,,,,,,,,,,,,,,,,,,,,,,,,,,,,,,,,,,,,,,,,,,,,,,,,,,,,,,,,,,,,,,
Data from 1988 include government restructured hospitals.  Data exclude Jurong Medical Centre.  Data from May 2024 includes Woodlands Health Campus.,,,,,,,,,,,,,,,,,,,,,,,,,,,,,,,,,,,,,,,,,,,,,,,,,,,,,,,,,,,,,,,,,,,,,,,,,,,,,,,,,,,,,,,,,,,,,,,,,,,,,,,,,,,,,,,,,,,,,,,,,,,,,,,,,,,,,,,,,,,,,,,,,,,,,,,,,,,,,,,,,,,,,,,,,,,,,,,,,,,,,,,,,,,,,,,,,,,,,,,,,,,,,,,,,,,,,,,,,,,,,,,,,,,,,,,,,,,,,,,,,,,,,,,,,,,,,,,,,,,,,,,,,,,,,,,,,,,,,,,,,,,,,,,,,,,,,,,,,,,,,,,,,,,,,,,,,,,,,,,,,,,,,,,,,,,,,,,,,,,,,,,,,,,,,,,,,,,,,,,,,,,,,,,,,,,,,,,,,,,,,,,,,,,,,,,,,,,,,,,,,,,,,,,,,,,,,,,,,,,,,,,,,,,,,,,,,,,,,,,,,,,,,,,,,,,,,,,,,,,,,,,,,,,,,,,,,,,
Polyclinics (Number):,,,,,,,,,,,,,,,,,,,,,,,,,,,,,,,,,,,,,,,,,,,,,,,,,,,,,,,,,,,,,,,,,,,,,,,,,,,,,,,,,,,,,,,,,,,,,,,,,,,,,,,,,,,,,,,,,,,,,,,,,,,,,,,,,,,,,,,,,,,,,,,,,,,,,,,,,,,,,,,,,,,,,,,,,,,,,,,,,,,,,,,,,,,,,,,,,,,,,,,,,,,,,,,,,,,,,,,,,,,,,,,,,,,,,,,,,,,,,,,,,,,,,,,,,,,,,,,,,,,,,,,,,,,,,,,,,,,,,,,,,,,,,,,,,,,,,,,,,,,,,,,,,,,,,,,,,,,,,,,,,,,,,,,,,,,,,,,,,,,,,,,,,,,,,,,,,,,,,,,,,,,,,,,,,,,,,,,,,,,,,,,,,,,,,,,,,,,,,,,,,,,,,,,,,,,,,,,,,,,,,,,,,,,,,,,,,,,,,,,,,,,,,,,,,,,,,,,,,,,,,,,,,,,,,,,,,,,
"Community health clinics and maternal and child health clinics were renamed Family Health Services in May 1993.  With effect from January 2017, data on polyclinic attendances cover consultations and other services offered at polyclinics, including nursing services and allied health services.  Data from July 2026 excludes National University Polyclinics temporary due to on-going data verification following a system transition.",,,,,,,,,,,,,,,,,,,,,,,,,,,,,,,,,,,,,,,,,,,,,,,,,,,,,,,,,,,,,,,,,,,,,,,,,,,,,,,,,,,,,,,,,,,,,,,,,,,,,,,,,,,,,,,,,,,,,,,,,,,,,,,,,,,,,,,,,,,,,,,,,,,,,,,,,,,,,,,,,,,,,,,,,,,,,,,,,,,,,,,,,,,,,,,,,,,,,,,,,,,,,,,,,,,,,,,,,,,,,,,,,,,,,,,,,,,,,,,,,,,,,,,,,,,,,,,,,,,,,,,,,,,,,,,,,,,,,,,,,,,,,,,,,,,,,,,,,,,,,,,,,,,,,,,,,,,,,,,,,,,,,,,,,,,,,,,,,,,,,,,,,,,,,,,,,,,,,,,,,,,,,,,,,,,,,,,,,,,,,,,,,,,,,,,,,,,,,,,,,,,,,,,,,,,,,,,,,,,,,,,,,,,,,,,,,,,,,,,,,,,,,,,,,,,,,,,,,,,,,,,,,,,,,,,,,,,
Dental Clinics (Number):,,,,,,,,,,,,,,,,,,,,,,,,,,,,,,,,,,,,,,,,,,,,,,,,,,,,,,,,,,,,,,,,,,,,,,,,,,,,,,,,,,,,,,,,,,,,,,,,,,,,,,,,,,,,,,,,,,,,,,,,,,,,,,,,,,,,,,,,,,,,,,,,,,,,,,,,,,,,,,,,,,,,,,,,,,,,,,,,,,,,,,,,,,,,,,,,,,,,,,,,,,,,,,,,,,,,,,,,,,,,,,,,,,,,,,,,,,,,,,,,,,,,,,,,,,,,,,,,,,,,,,,,,,,,,,,,,,,,,,,,,,,,,,,,,,,,,,,,,,,,,,,,,,,,,,,,,,,,,,,,,,,,,,,,,,,,,,,,,,,,,,,,,,,,,,,,,,,,,,,,,,,,,,,,,,,,,,,,,,,,,,,,,,,,,,,,,,,,,,,,,,,,,,,,,,,,,,,,,,,,,,,,,,,,,,,,,,,,,,,,,,,,,,,,,,,,,,,,,,,,,,,,,,,,,,,,,,,
"Includes dental services/clinics in hospitals, polyclinics, schools and National Dental Centre.  With effect from March 2010, data includes dental clinics at Khoo Teck Puat Hospital.  With effect from January 2014, data include dental clinic at KK Women's & Children's Hospital.  With effect from January 2015, data include Jurong Medical Centre. With effect from June 2015, data include dental clinic at Ng Teng Fong General Hospital.  With effect from June 2015, Alexandra Hospital was closed for renovation.  Dental clinic in Alexandra Hospital resumed operations from February 2016 to June 2018.  With effect from July 2019, data include dental clinic at Sengkang General Hospital.  With effect from August 2019, the dental service in Jurong Medical Centre has been consolidated with the dental service at Ng Teng Fong General Hospital.  Data from December 2022 exclude attendances from Tan Tock Seng Hospital (TTSH) and National Centre for Infectious Diseases (NCID) due to ongoing data migration issues verification.  Data from May 2024 includes Woodlands Health Campus.  Data from July 2026 excludes National University Polyclinics temporary due to on-going data verification following a system transition.",,,,,,,,,,,,,,,,,,,,,,,,,,,,,,,,,,,,,,,,,,,,,,,,,,,,,,,,,,,,,,,,,,,,,,,,,,,,,,,,,,,,,,,,,,,,,,,,,,,,,,,,,,,,,,,,,,,,,,,,,,,,,,,,,,,,,,,,,,,,,,,,,,,,,,,,,,,,,,,,,,,,,,,,,,,,,,,,,,,,,,,,,,,,,,,,,,,,,,,,,,,,,,,,,,,,,,,,,,,,,,,,,,,,,,,,,,,,,,,,,,,,,,,,,,,,,,,,,,,,,,,,,,,,,,,,,,,,,,,,,,,,,,,,,,,,,,,,,,,,,,,,,,,,,,,,,,,,,,,,,,,,,,,,,,,,,,,,,,,,,,,,,,,,,,,,,,,,,,,,,,,,,,,,,,,,,,,,,,,,,,,,,,,,,,,,,,,,,,,,,,,,,,,,,,,,,,,,,,,,,,,,,,,,,,,,,,,,,,,,,,,,,,,,,,,,,,,,,,,,,,,,,,,,,,,,,,,
Day Surgeries (Number):,,,,,,,,,,,,,,,,,,,,,,,,,,,,,,,,,,,,,,,,,,,,,,,,,,,,,,,,,,,,,,,,,,,,,,,,,,,,,,,,,,,,,,,,,,,,,,,,,,,,,,,,,,,,,,,,,,,,,,,,,,,,,,,,,,,,,,,,,,,,,,,,,,,,,,,,,,,,,,,,,,,,,,,,,,,,,,,,,,,,,,,,,,,,,,,,,,,,,,,,,,,,,,,,,,,,,,,,,,,,,,,,,,,,,,,,,,,,,,,,,,,,,,,,,,,,,,,,,,,,,,,,,,,,,,,,,,,,,,,,,,,,,,,,,,,,,,,,,,,,,,,,,,,,,,,,,,,,,,,,,,,,,,,,,,,,,,,,,,,,,,,,,,,,,,,,,,,,,,,,,,,,,,,,,,,,,,,,,,,,,,,,,,,,,,,,,,,,,,,,,,,,,,,,,,,,,,,,,,,,,,,,,,,,,,,,,,,,,,,,,,,,,,,,,,,,,,,,,,,,,,,,,,,,,,,,,,,
"Refers to surgical operations performed on Day Surgery Patients in public hospitals. Data includes the following institutions: 1) Data prior to 2010: Alexandra Hospital, Changi General Hospital, KK Women's and Children's Hospital, National Cancer Centre, National Dental Centre, National Heart Centre, National University Hospital, Singapore General Hospital, Singapore National Eye Centre and Tan Tock Seng Hospital. 2) w.e.f Mar 2010, data includes Khoo Teck Puat Hospital. 3) w.e.f Jan and Jun 2015, data include Jurong Medical Centre and Ng Teng Fong General Hospital respectively. 4) w.e.f Aug 2017, data includes Admiralty Medical Centre. 5) w.e.f Jul 2018, data includes Sengkang General Hospital.  Data from May 2024 includes Woodlands Health Campus.",,,,,,,,,,,,,,,,,,,,,,,,,,,,,,,,,,,,,,,,,,,,,,,,,,,,,,,,,,,,,,,,,,,,,,,,,,,,,,,,,,,,,,,,,,,,,,,,,,,,,,,,,,,,,,,,,,,,,,,,,,,,,,,,,,,,,,,,,,,,,,,,,,,,,,,,,,,,,,,,,,,,,,,,,,,,,,,,,,,,,,,,,,,,,,,,,,,,,,,,,,,,,,,,,,,,,,,,,,,,,,,,,,,,,,,,,,,,,,,,,,,,,,,,,,,,,,,,,,,,,,,,,,,,,,,,,,,,,,,,,,,,,,,,,,,,,,,,,,,,,,,,,,,,,,,,,,,,,,,,,,,,,,,,,,,,,,,,,,,,,,,,,,,,,,,,,,,,,,,,,,,,,,,,,,,,,,,,,,,,,,,,,,,,,,,,,,,,,,,,,,,,,,,,,,,,,,,,,,,,,,,,,,,,,,,,,,,,,,,,,,,,,,,,,,,,,,,,,,,,,,,,,,,,,,,,,,,
,,,,,,,,,,,,,,,,,,,,,,,,,,,,,,,,,,,,,,,,,,,,,,,,,,,,,,,,,,,,,,,,,,,,,,,,,,,,,,,,,,,,,,,,,,,,,,,,,,,,,,,,,,,,,,,,,,,,,,,,,,,,,,,,,,,,,,,,,,,,,,,,,,,,,,,,,,,,,,,,,,,,,,,,,,,,,,,,,,,,,,,,,,,,,,,,,,,,,,,,,,,,,,,,,,,,,,,,,,,,,,,,,,,,,,,,,,,,,,,,,,,,,,,,,,,,,,,,,,,,,,,,,,,,,,,,,,,,,,,,,,,,,,,,,,,,,,,,,,,,,,,,,,,,,,,,,,,,,,,,,,,,,,,,,,,,,,,,,,,,,,,,,,,,,,,,,,,,,,,,,,,,,,,,,,,,,,,,,,,,,,,,,,,,,,,,,,,,,,,,,,,,,,,,,,,,,,,,,,,,,,,,,,,,,,,,,,,,,,,,,,,,,,,,,,,,,,,,,,,,,,,,,,,,,,,,,,,
Acute Hospitals:,,,,,,,,,,,,,,,,,,,,,,,,,,,,,,,,,,,,,,,,,,,,,,,,,,,,,,,,,,,,,,,,,,,,,,,,,,,,,,,,,,,,,,,,,,,,,,,,,,,,,,,,,,,,,,,,,,,,,,,,,,,,,,,,,,,,,,,,,,,,,,,,,,,,,,,,,,,,,,,,,,,,,,,,,,,,,,,,,,,,,,,,,,,,,,,,,,,,,,,,,,,,,,,,,,,,,,,,,,,,,,,,,,,,,,,,,,,,,,,,,,,,,,,,,,,,,,,,,,,,,,,,,,,,,,,,,,,,,,,,,,,,,,,,,,,,,,,,,,,,,,,,,,,,,,,,,,,,,,,,,,,,,,,,,,,,,,,,,,,,,,,,,,,,,,,,,,,,,,,,,,,,,,,,,,,,,,,,,,,,,,,,,,,,,,,,,,,,,,,,,,,,,,,,,,,,,,,,,,,,,,,,,,,,,,,,,,,,,,,,,,,,,,,,,,,,,,,,,,,,,,,,,,,,,,,,,,,
Comprises both general hospitals and specialty centres (excluding Psychiatric Hospitals) with acute care inpatient facilities. ,,,,,,,,,,,,,,,,,,,,,,,,,,,,,,,,,,,,,,,,,,,,,,,,,,,,,,,,,,,,,,,,,,,,,,,,,,,,,,,,,,,,,,,,,,,,,,,,,,,,,,,,,,,,,,,,,,,,,,,,,,,,,,,,,,,,,,,,,,,,,,,,,,,,,,,,,,,,,,,,,,,,,,,,,,,,,,,,,,,,,,,,,,,,,,,,,,,,,,,,,,,,,,,,,,,,,,,,,,,,,,,,,,,,,,,,,,,,,,,,,,,,,,,,,,,,,,,,,,,,,,,,,,,,,,,,,,,,,,,,,,,,,,,,,,,,,,,,,,,,,,,,,,,,,,,,,,,,,,,,,,,,,,,,,,,,,,,,,,,,,,,,,,,,,,,,,,,,,,,,,,,,,,,,,,,,,,,,,,,,,,,,,,,,,,,,,,,,,,,,,,,,,,,,,,,,,,,,,,,,,,,,,,,,,,,,,,,,,,,,,,,,,,,,,,,,,,,,,,,,,,,,,,,,,,,,,,,
,,,,,,,,,,,,,,,,,,,,,,,,,,,,,,,,,,,,,,,,,,,,,,,,,,,,,,,,,,,,,,,,,,,,,,,,,,,,,,,,,,,,,,,,,,,,,,,,,,,,,,,,,,,,,,,,,,,,,,,,,,,,,,,,,,,,,,,,,,,,,,,,,,,,,,,,,,,,,,,,,,,,,,,,,,,,,,,,,,,,,,,,,,,,,,,,,,,,,,,,,,,,,,,,,,,,,,,,,,,,,,,,,,,,,,,,,,,,,,,,,,,,,,,,,,,,,,,,,,,,,,,,,,,,,,,,,,,,,,,,,,,,,,,,,,,,,,,,,,,,,,,,,,,,,,,,,,,,,,,,,,,,,,,,,,,,,,,,,,,,,,,,,,,,,,,,,,,,,,,,,,,,,,,,,,,,,,,,,,,,,,,,,,,,,,,,,,,,,,,,,,,,,,,,,,,,,,,,,,,,,,,,,,,,,,,,,,,,,,,,,,,,,,,,,,,,,,,,,,,,,,,,,,,,,,,,,,,
Notation:,,,,,,,,,,,,,,,,,,,,,,,,,,,,,,,,,,,,,,,,,,,,,,,,,,,,,,,,,,,,,,,,,,,,,,,,,,,,,,,,,,,,,,,,,,,,,,,,,,,,,,,,,,,,,,,,,,,,,,,,,,,,,,,,,,,,,,,,,,,,,,,,,,,,,,,,,,,,,,,,,,,,,,,,,,,,,,,,,,,,,,,,,,,,,,,,,,,,,,,,,,,,,,,,,,,,,,,,,,,,,,,,,,,,,,,,,,,,,,,,,,,,,,,,,,,,,,,,,,,,,,,,,,,,,,,,,,,,,,,,,,,,,,,,,,,,,,,,,,,,,,,,,,,,,,,,,,,,,,,,,,,,,,,,,,,,,,,,,,,,,,,,,,,,,,,,,,,,,,,,,,,,,,,,,,,,,,,,,,,,,,,,,,,,,,,,,,,,,,,,,,,,,,,,,,,,,,,,,,,,,,,,,,,,,,,,,,,,,,,,,,,,,,,,,,,,,,,,,,,,,,,,,,,,,,,,,,,
na   not available or not applicable,,,,,,,,,,,,,,,,,,,,,,,,,,,,,,,,,,,,,,,,,,,,,,,,,,,,,,,,,,,,,,,,,,,,,,,,,,,,,,,,,,,,,,,,,,,,,,,,,,,,,,,,,,,,,,,,,,,,,,,,,,,,,,,,,,,,,,,,,,,,,,,,,,,,,,,,,,,,,,,,,,,,,,,,,,,,,,,,,,,,,,,,,,,,,,,,,,,,,,,,,,,,,,,,,,,,,,,,,,,,,,,,,,,,,,,,,,,,,,,,,,,,,,,,,,,,,,,,,,,,,,,,,,,,,,,,,,,,,,,,,,,,,,,,,,,,,,,,,,,,,,,,,,,,,,,,,,,,,,,,,,,,,,,,,,,,,,,,,,,,,,,,,,,,,,,,,,,,,,,,,,,,,,,,,,,,,,,,,,,,,,,,,,,,,,,,,,,,,,,,,,,,,,,,,,,,,,,,,,,,,,,,,,,,,,,,,,,,,,,,,,,,,,,,,,,,,,,,,,,,,,,,,,,,,,,,,,,
nec  not elsewhere classified,,,,,,,,,,,,,,,,,,,,,,,,,,,,,,,,,,,,,,,,,,,,,,,,,,,,,,,,,,,,,,,,,,,,,,,,,,,,,,,,,,,,,,,,,,,,,,,,,,,,,,,,,,,,,,,,,,,,,,,,,,,,,,,,,,,,,,,,,,,,,,,,,,,,,,,,,,,,,,,,,,,,,,,,,,,,,,,,,,,,,,,,,,,,,,,,,,,,,,,,,,,,,,,,,,,,,,,,,,,,,,,,,,,,,,,,,,,,,,,,,,,,,,,,,,,,,,,,,,,,,,,,,,,,,,,,,,,,,,,,,,,,,,,,,,,,,,,,,,,,,,,,,,,,,,,,,,,,,,,,,,,,,,,,,,,,,,,,,,,,,,,,,,,,,,,,,,,,,,,,,,,,,,,,,,,,,,,,,,,,,,,,,,,,,,,,,,,,,,,,,,,,,,,,,,,,,,,,,,,,,,,,,,,,,,,,,,,,,,,,,,,,,,,,,,,,,,,,,,,,,,,,,,,,,,,,,,,
nes  not elsewhere specified,,,,,,,,,,,,,,,,,,,,,,,,,,,,,,,,,,,,,,,,,,,,,,,,,,,,,,,,,,,,,,,,,,,,,,,,,,,,,,,,,,,,,,,,,,,,,,,,,,,,,,,,,,,,,,,,,,,,,,,,,,,,,,,,,,,,,,,,,,,,,,,,,,,,,,,,,,,,,,,,,,,,,,,,,,,,,,,,,,,,,,,,,,,,,,,,,,,,,,,,,,,,,,,,,,,,,,,,,,,,,,,,,,,,,,,,,,,,,,,,,,,,,,,,,,,,,,,,,,,,,,,,,,,,,,,,,,,,,,,,,,,,,,,,,,,,,,,,,,,,,,,,,,,,,,,,,,,,,,,,,,,,,,,,,,,,,,,,,,,,,,,,,,,,,,,,,,,,,,,,,,,,,,,,,,,,,,,,,,,,,,,,,,,,,,,,,,,,,,,,,,,,,,,,,,,,,,,,,,,,,,,,,,,,,,,,,,,,,,,,,,,,,,,,,,,,,,,,,,,,,,,,,,,,,,,,,,,
 -     nil or negligible or not significant,,,,,,,,,,,,,,,,,,,,,,,,,,,,,,,,,,,,,,,,,,,,,,,,,,,,,,,,,,,,,,,,,,,,,,,,,,,,,,,,,,,,,,,,,,,,,,,,,,,,,,,,,,,,,,,,,,,,,,,,,,,,,,,,,,,,,,,,,,,,,,,,,,,,,,,,,,,,,,,,,,,,,,,,,,,,,,,,,,,,,,,,,,,,,,,,,,,,,,,,,,,,,,,,,,,,,,,,,,,,,,,,,,,,,,,,,,,,,,,,,,,,,,,,,,,,,,,,,,,,,,,,,,,,,,,,,,,,,,,,,,,,,,,,,,,,,,,,,,,,,,,,,,,,,,,,,,,,,,,,,,,,,,,,,,,,,,,,,,,,,,,,,,,,,,,,,,,,,,,,,,,,,,,,,,,,,,,,,,,,,,,,,,,,,,,,,,,,,,,,,,,,,,,,,,,,,,,,,,,,,,,,,,,,,,,,,,,,,,,,,,,,,,,,,,,,,,,,,,,,,,,,,,,,,,,,,,,
Notes,,,,,,,,,,,,,,,,,,,,,,,,,,,,,,,,,,,,,,,,,,,,,,,,,,,,,,,,,,,,,,,,,,,,,,,,,,,,,,,,,,,,,,,,,,,,,,,,,,,,,,,,,,,,,,,,,,,,,,,,,,,,,,,,,,,,,,,,,,,,,,,,,,,,,,,,,,,,,,,,,,,,,,,,,,,,,,,,,,,,,,,,,,,,,,,,,,,,,,,,,,,,,,,,,,,,,,,,,,,,,,,,,,,,,,,,,,,,,,,,,,,,,,,,,,,,,,,,,,,,,,,,,,,,,,,,,,,,,,,,,,,,,,,,,,,,,,,,,,,,,,,,,,,,,,,,,,,,,,,,,,,,,,,,,,,,,,,,,,,,,,,,,,,,,,,,,,,,,,,,,,,,,,,,,,,,,,,,,,,,,,,,,,,,,,,,,,,,,,,,,,,,,,,,,,,,,,,,,,,,,,,,,,,,,,,,,,,,,,,,,,,,,,,,,,,,,,,,,,,,,,,,,,,,,,,,,,,
Numbers may not add up to the totals due to rounding.,,,,,,,,,,,,,,,,,,,,,,,,,,,,,,,,,,,,,,,,,,,,,,,,,,,,,,,,,,,,,,,,,,,,,,,,,,,,,,,,,,,,,,,,,,,,,,,,,,,,,,,,,,,,,,,,,,,,,,,,,,,,,,,,,,,,,,,,,,,,,,,,,,,,,,,,,,,,,,,,,,,,,,,,,,,,,,,,,,,,,,,,,,,,,,,,,,,,,,,,,,,,,,,,,,,,,,,,,,,,,,,,,,,,,,,,,,,,,,,,,,,,,,,,,,,,,,,,,,,,,,,,,,,,,,,,,,,,,,,,,,,,,,,,,,,,,,,,,,,,,,,,,,,,,,,,,,,,,,,,,,,,,,,,,,,,,,,,,,,,,,,,,,,,,,,,,,,,,,,,,,,,,,,,,,,,,,,,,,,,,,,,,,,,,,,,,,,,,,,,,,,,,,,,,,,,,,,,,,,,,,,,,,,,,,,,,,,,,,,,,,,,,,,,,,,,,,,,,,,,,,,,,,,,,,,,,,,
"Data are the latest available at the time of access or download. Some statistics, particularly those for the most recent time periods, are provisional and may be subject to revision at a later date.",,,,,,,,,,,,,,,,,,,,,,,,,,,,,,,,,,,,,,,,,,,,,,,,,,,,,,,,,,,,,,,,,,,,,,,,,,,,,,,,,,,,,,,,,,,,,,,,,,,,,,,,,,,,,,,,,,,,,,,,,,,,,,,,,,,,,,,,,,,,,,,,,,,,,,,,,,,,,,,,,,,,,,,,,,,,,,,,,,,,,,,,,,,,,,,,,,,,,,,,,,,,,,,,,,,,,,,,,,,,,,,,,,,,,,,,,,,,,,,,,,,,,,,,,,,,,,,,,,,,,,,,,,,,,,,,,,,,,,,,,,,,,,,,,,,,,,,,,,,,,,,,,,,,,,,,,,,,,,,,,,,,,,,,,,,,,,,,,,,,,,,,,,,,,,,,,,,,,,,,,,,,,,,,,,,,,,,,,,,,,,,,,,,,,,,,,,,,,,,,,,,,,,,,,,,,,,,,,,,,,,,,,,,,,,,,,,,,,,,,,,,,,,,,,,,,,,,,,,,,,,,,,,,,,,,,,,,
Values are shown in Singapore dollars (unless otherwise specified).,,,,,,,,,,,,,,,,,,,,,,,,,,,,,,,,,,,,,,,,,,,,,,,,,,,,,,,,,,,,,,,,,,,,,,,,,,,,,,,,,,,,,,,,,,,,,,,,,,,,,,,,,,,,,,,,,,,,,,,,,,,,,,,,,,,,,,,,,,,,,,,,,,,,,,,,,,,,,,,,,,,,,,,,,,,,,,,,,,,,,,,,,,,,,,,,,,,,,,,,,,,,,,,,,,,,,,,,,,,,,,,,,,,,,,,,,,,,,,,,,,,,,,,,,,,,,,,,,,,,,,,,,,,,,,,,,,,,,,,,,,,,,,,,,,,,,,,,,,,,,,,,,,,,,,,,,,,,,,,,,,,,,,,,,,,,,,,,,,,,,,,,,,,,,,,,,,,,,,,,,,,,,,,,,,,,,,,,,,,,,,,,,,,,,,,,,,,,,,,,,,,,,,,,,,,,,,,,,,,,,,,,,,,,,,,,,,,,,,,,,,,,,,,,,,,,,,,,,,,,,,,,,,,,,,,,,,,
,,,,,,,,,,,,,,,,,,,,,,,,,,,,,,,,,,,,,,,,,,,,,,,,,,,,,,,,,,,,,,,,,,,,,,,,,,,,,,,,,,,,,,,,,,,,,,,,,,,,,,,,,,,,,,,,,,,,,,,,,,,,,,,,,,,,,,,,,,,,,,,,,,,,,,,,,,,,,,,,,,,,,,,,,,,,,,,,,,,,,,,,,,,,,,,,,,,,,,,,,,,,,,,,,,,,,,,,,,,,,,,,,,,,,,,,,,,,,,,,,,,,,,,,,,,,,,,,,,,,,,,,,,,,,,,,,,,,,,,,,,,,,,,,,,,,,,,,,,,,,,,,,,,,,,,,,,,,,,,,,,,,,,,,,,,,,,,,,,,,,,,,,,,,,,,,,,,,,,,,,,,,,,,,,,,,,,,,,,,,,,,,,,,,,,,,,,,,,,,,,,,,,,,,,,,,,,,,,,,,,,,,,,,,,,,,,,,,,,,,,,,,,,,,,,,,,,,,,,,,,,,,,,,,,,,,,,,
Generated by: SingStat Table Builder,,,,,,,,,,,,,,,,,,,,,,,,,,,,,,,,,,,,,,,,,,,,,,,,,,,,,,,,,,,,,,,,,,,,,,,,,,,,,,,,,,,,,,,,,,,,,,,,,,,,,,,,,,,,,,,,,,,,,,,,,,,,,,,,,,,,,,,,,,,,,,,,,,,,,,,,,,,,,,,,,,,,,,,,,,,,,,,,,,,,,,,,,,,,,,,,,,,,,,,,,,,,,,,,,,,,,,,,,,,,,,,,,,,,,,,,,,,,,,,,,,,,,,,,,,,,,,,,,,,,,,,,,,,,,,,,,,,,,,,,,,,,,,,,,,,,,,,,,,,,,,,,,,,,,,,,,,,,,,,,,,,,,,,,,,,,,,,,,,,,,,,,,,,,,,,,,,,,,,,,,,,,,,,,,,,,,,,,,,,,,,,,,,,,,,,,,,,,,,,,,,,,,,,,,,,,,,,,,,,,,,,,,,,,,,,,,,,,,,,,,,,,,,,,,,,,,,,,,,,,,,,,,,,,,,,,,,,
Date generated: 07/10/2026,,,,,,,,,,,,,,,,,,,,,,,,,,,,,,,,,,,,,,,,,,,,,,,,,,,,,,,,,,,,,,,,,,,,,,,,,,,,,,,,,,,,,,,,,,,,,,,,,,,,,,,,,,,,,,,,,,,,,,,,,,,,,,,,,,,,,,,,,,,,,,,,,,,,,,,,,,,,,,,,,,,,,,,,,,,,,,,,,,,,,,,,,,,,,,,,,,,,,,,,,,,,,,,,,,,,,,,,,,,,,,,,,,,,,,,,,,,,,,,,,,,,,,,,,,,,,,,,,,,,,,,,,,,,,,,,,,,,,,,,,,,,,,,,,,,,,,,,,,,,,,,,,,,,,,,,,,,,,,,,,,,,,,,,,,,,,,,,,,,,,,,,,,,,,,,,,,,,,,,,,,,,,,,,,,,,,,,,,,,,,,,,,,,,,,,,,,,,,,,,,,,,,,,,,,,,,,,,,,,,,,,,,,,,,,,,,,,,,,,,,,,,,,,,,,,,,,,,,,,,,,,,,,,,,,,,,,,
Contact: info@singstat.gov.sg,,,,,,,,,,,,,,,,,,,,,,,,,,,,,,,,,,,,,,,,,,,,,,,,,,,,,,,,,,,,,,,,,,,,,,,,,,,,,,,,,,,,,,,,,,,,,,,,,,,,,,,,,,,,,,,,,,,,,,,,,,,,,,,,,,,,,,,,,,,,,,,,,,,,,,,,,,,,,,,,,,,,,,,,,,,,,,,,,,,,,,,,,,,,,,,,,,,,,,,,,,,,,,,,,,,,,,,,,,,,,,,,,,,,,,,,,,,,,,,,,,,,,,,,,,,,,,,,,,,,,,,,,,,,,,,,,,,,,,,,,,,,,,,,,,,,,,,,,,,,,,,,,,,,,,,,,,,,,,,,,,,,,,,,,,,,,,,,,,,,,,,,,,,,,,,,,,,,,,,,,,,,,,,,,,,,,,,,,,,,,,,,,,,,,,,,,,,,,,,,,,,,,,,,,,,,,,,,,,,,,,,,,,,,,,,,,,,,,,,,,,,,,,,,,,,,,,,,,,,,,,,,,,,,,,,,,,,